지역명,품목명,기후계절_유형,대분류_유형,리스크관리_유형,기후회복력점수,가격변동성경보,생육주기리스크지수,출하최적기지수,지역기후포트폴리오지수
강릉,감자,고온건조기 (여름),기후 민감형 고위험 관리,기후변화 고위험군,40.817822899041175,안정,-0.4443463649490716,37.97,160.79446640316206
강릉,감자,동절기 (겨울),기후 민감형 고위험 관리,기후변화 고위험군,40.817822899041175,안정,-0.4443463649490716,37.97,160.79446640316206
강릉,감자,전환기 (봄/가을),기후 민감형 고위험 관리,기후변화 고위험군,40.817822899041175,안정,-0.4443463649490716,37.97,160.79446640316206
강릉,느타리버섯,고온건조기 (여름),특이 패턴 (전문 진단 필요),특이 패턴형 (전문 컨설팅 필요),43.0897583429229,안정,-0.23228678856208532,76.43,160.79446640316206
강릉,느타리버섯,동절기 (겨울),특이 패턴 (전문 진단 필요),특이 패턴형 (전문 컨설팅 필요),43.0897583429229,안정,-0.23228678856208534,76.43,160.79446640316206
강릉,느타리버섯,전환기 (봄/가을),특이 패턴 (전문 진단 필요),특이 패턴형 (전문 컨설팅 필요),43.0897583429229,안정,-0.23228678856208534,76.43,160.79446640316206
강릉,딸기,동절기 (겨울),특이 패턴 (전문 진단 필요),특이 패턴형 (전문 컨설팅 필요),84.02173913043478,안정,,100.0,160.79446640316206
강릉,땅콩,고온건조기 (여름),특이 패턴 (전문 진단 필요),특이 패턴형 (전문 컨설팅 필요),45.072463768115945,안정,0.38352691594344324,97.03,160.79446640316206
강릉,땅콩,동절기 (겨울),특이 패턴 (전문 진단 필요),특이 패턴형 (전문 컨설팅 필요),45.07246376811595,안정,0.38352691594344324,97.03,160.79446640316206
강릉,땅콩,전환기 (봄/가을),특이 패턴 (전문 진단 필요),특이 패턴형 (전문 컨설팅 필요),45.072463768115945,안정,0.38352691594344324,97.03,160.79446640316206
강릉,미나리,고온건조기 (여름),특이 패턴 (전문 진단 필요),특이 패턴형 (전문 컨설팅 필요),52.56198347107439,안정,0.6448035975888056,98.98,160.79446640316206
강릉,미나리,전환기 (봄/가을),특이 패턴 (전문 진단 필요),특이 패턴형 (전문 컨설팅 필요),52.56198347107439,안정,0.6448035975888056,98.98,160.79446640316206
강릉,상추,고온건조기 (여름),특이 패턴 (전문 진단 필요),특이 패턴형 (전문 컨설팅 필요),46.03960396039605,안정,0.07319677418686157,100.84,160.79446640316206
강릉,상추,동절기 (겨울),특이 패턴 (전문 진단 필요),특이 패턴형 (전문 컨설팅 필요),46.03960396039605,안정,0.07319677418686157,100.84,160.79446640316206
강릉,상추,전환기 (봄/가을),특이 패턴 (전문 진단 필요),특이 패턴형 (전문 컨설팅 필요),46.03960396039605,안정,0.07319677418686157,100.84,160.79446640316206
강릉,새송이버섯,고온건조기 (여름),특이 패턴 (전문 진단 필요),특이 패턴형 (전문 컨설팅 필요),36.623049823855055,안정,-0.183418597048975,79.16,160.79446640316206
강릉,새송이버섯,동절기 (겨울),특이 패턴 (전문 진단 필요),특이 패턴형 (전문 컨설팅 필요),36.623049823855055,안정,-0.183418597048975,79.16,160.79446640316206
강릉,새송이버섯,전환기 (봄/가을),특이 패턴 (전문 진단 필요),특이 패턴형 (전문 컨설팅 필요),36.623049823855055,안정,-0.183418597048975,79.16,160.79446640316206
강릉,시금치,고온건조기 (여름),특이 패턴 (전문 진단 필요),특이 패턴형 (전문 컨설팅 필요),45.30120481927711,안정,-0.0549769929351955,100.0,160.79446640316206
강릉,시금치,동절기 (겨울),특이 패턴 (전문 진단 필요),특이 패턴형 (전문 컨설팅 필요),45.30120481927711,안정,-0.0549769929351955,100.0,160.79446640316206
강릉,시금치,전환기 (봄/가을),특이 패턴 (전문 진단 필요),특이 패턴형 (전문 컨설팅 필요),45.30120481927711,안정,-0.05497699293519551,100.0,160.79446640316206
강릉,파프리카,고온건조기 (여름),특이 패턴 (전문 진단 필요),특이 패턴형 (전문 컨설팅 필요),76.77272727272727,안정,-0.03218896892856403,100.28,160.79446640316206
강릉,파프리카,전환기 (봄/가을),특이 패턴 (전문 진단 필요),특이 패턴형 (전문 컨설팅 필요),76.77272727272727,안정,-0.03218896892856403,100.27999999999999,160.79446640316206
강릉,팽이버섯,고온건조기 (여름),특이 패턴 (전문 진단 필요),특이 패턴형 (전문 컨설팅 필요),37.23707664884136,안정,-0.3109998207101846,90.61999999999999,160.79446640316206
강릉,팽이버섯,동절기 (겨울),특이 패턴 (전문 진단 필요),특이 패턴형 (전문 컨설팅 필요),37.23707664884136,안정,-0.3109998207101846,90.62,160.79446640316206
강릉,팽이버섯,전환기 (봄/가을),특이 패턴 (전문 진단 필요),특이 패턴형 (전문 컨설팅 필요),37.23707664884136,안정,-0.3109998207101846,90.62,160.79446640316206
강릉,풋고추,고온건조기 (여름),특이 패턴 (전문 진단 필요),특이 패턴형 (전문 컨설팅 필요),60.00000000000001,안정,0.061805493188667265,102.2,160.79446640316206
강릉,풋고추,전환기 (봄/가을),특이 패턴 (전문 진단 필요),특이 패턴형 (전문 컨설팅 필요),60.000000000000014,안정,0.06180549318866727,102.2,160.79446640316206
강릉,피망,고온건조기 (여름),특이 패턴 (전문 진단 필요),특이 패턴형 (전문 컨설팅 필요),72.13592233009709,안정,0.368859302027859,100.02,160.79446640316206
강릉,피망,전환기 (봄/가을),특이 패턴 (전문 진단 필요),특이 패턴형 (전문 컨설팅 필요),72.13592233009709,안정,0.368859302027859,100.02,160.79446640316206
고양,감자,고온건조기 (여름),기후 민감형 고위험 관리,기후변화 고위험군,36.32850241545894,안정,-0.25255736738254503,61.02,259.75393544445575
고양,감자,동절기 (겨울),기후 민감형 고위험 관리,기후변화 고위험군,36.32850241545894,안정,-0.25255736738254503,61.02,259.75393544445575
고양,감자,고온다습기 (장마철),기후 민감형 고위험 관리,기후변화 고위험군,36.32850241545894,안정,-0.25255736738254503,61.02,259.75393544445575
고양,감자,전환기 (봄/가을),기후 민감형 고위험 관리,기후변화 고위험군,36.32850241545894,안정,-0.25255736738254503,61.02000000000001,259.75393544445575
고양,느타리버섯,고온건조기 (여름),특이 패턴 (전문 진단 필요),특이 패턴형 (전문 컨설팅 필요),44.76571428571429,안정,-0.08870768803569778,85.45,259.75393544445575
고양,느타리버섯,동절기 (겨울),특이 패턴 (전문 진단 필요),특이 패턴형 (전문 컨설팅 필요),44.76571428571429,안정,-0.08870768803569778,85.45,259.75393544445575
고양,느타리버섯,고온다습기 (장마철),특이 패턴 (전문 진단 필요),특이 패턴형 (전문 컨설팅 필요),44.76571428571429,안정,-0.08870768803569778,85.45,259.75393544445575
고양,느타리버섯,전환기 (봄/가을),특이 패턴 (전문 진단 필요),특이 패턴형 (전문 컨설팅 필요),44.76571428571429,안정,-0.08870768803569778,85.45,259.75393544445575
고양,딸기,고온건조기 (여름),사업 운영 중심 안정 관리,수익 극대화 타입 (출하 적기),95.40983606557377,안정,,82.13,259.75393544445575
고양,딸기,동절기 (겨울),사업 운영 중심 안정 관리,수익 극대화 타입 (출하 적기),95.40983606557377,안정,,82.13,259.75393544445575
고양,딸기,전환기 (봄/가을),사업 운영 중심 안정 관리,수익 극대화 타입 (출하 적기),95.40983606557377,안정,,82.13,259.75393544445575
고양,땅콩,고온건조기 (여름),특이 패턴 (전문 진단 필요),특이 패턴형 (전문 컨설팅 필요),46.60869565217392,안정,0.7095951957896939,99.9,259.75393544445575
고양,땅콩,동절기 (겨울),특이 패턴 (전문 진단 필요),특이 패턴형 (전문 컨설팅 필요),46.608695652173914,안정,0.709595195789694,99.9,259.75393544445575
고양,땅콩,전환기 (봄/가을),특이 패턴 (전문 진단 필요),특이 패턴형 (전문 컨설팅 필요),46.608695652173914,안정,0.7095951957896939,99.9,259.75393544445575
고양,미나리,고온건조기 (여름),특이 패턴 (전문 진단 필요),특이 패턴형 (전문 컨설팅 필요),50.57851239669422,안정,0.7259257555282155,98.98,259.75393544445575
고양,미나리,전환기 (봄/가을),특이 패턴 (전문 진단 필요),특이 패턴형 (전문 컨설팅 필요),50.578512396694215,안정,0.7259257555282156,98.98,259.75393544445575
고양,상추,고온건조기 (여름),특이 패턴 (전문 진단 필요),특이 패턴형 (전문 컨설팅 필요),42.71870794078063,안정,-0.2063433295007525,100.0,259.75393544445575
고양,상추,동절기 (겨울),특이 패턴 (전문 진단 필요),특이 패턴형 (전문 컨설팅 필요),42.71870794078063,안정,-0.2063433295007525,100.0,259.75393544445575
고양,상추,전환기 (봄/가을),특이 패턴 (전문 진단 필요),특이 패턴형 (전문 컨설팅 필요),42.71870794078063,안정,-0.20634332950075246,100.0,259.75393544445575
고양,새송이버섯,고온건조기 (여름),특이 패턴 (전문 진단 필요),특이 패턴형 (전문 컨설팅 필요),37.453810623556585,안정,-0.1542740133825697,106.90000000000002,259.75393544445575
고양,새송이버섯,동절기 (겨울),특이 패턴 (전문 진단 필요),특이 패턴형 (전문 컨설팅 필요),37.453810623556585,안정,-0.1542740133825697,106.90000000000002,259.75393544445575
고양,새송이버섯,고온다습기 (장마철),특이 패턴 (전문 진단 필요),특이 패턴형 (전문 컨설팅 필요),37.453810623556585,안정,-0.1542740133825697,106.9,259.75393544445575
고양,새송이버섯,전환기 (봄/가을),특이 패턴 (전문 진단 필요),특이 패턴형 (전문 컨설팅 필요),37.453810623556585,안정,-0.1542740133825697,106.9,259.75393544445575
고양,시금치,고온건조기 (여름),특이 패턴 (전문 진단 필요),특이 패턴형 (전문 컨설팅 필요),40.655940594059416,안정,-0.19151802427240258,98.57,259.75393544445575
고양,시금치,동절기 (겨울),특이 패턴 (전문 진단 필요),특이 패턴형 (전문 컨설팅 필요),40.655940594059416,안정,-0.19151802427240258,98.57,259.75393544445575
고양,시금치,전환기 (봄/가을),특이 패턴 (전문 진단 필요),특이 패턴형 (전문 컨설팅 필요),40.655940594059416,안정,-0.19151802427240258,98.57,259.75393544445575
고양,얼갈이배추,고온건조기 (여름),특이 패턴 (전문 진단 필요),특이 패턴형 (전문 컨설팅 필요),51.37404580152671,안정,0.31009135141662436,101.96,259.75393544445575
고양,얼갈이배추,전환기 (봄/가을),특이 패턴 (전문 진단 필요),특이 패턴형 (전문 컨설팅 필요),51.37404580152671,안정,0.31009135141662436,101.96,259.75393544445575
고양,열무,고온건조기 (여름),특이 패턴 (전문 진단 필요),특이 패턴형 (전문 컨설팅 필요),66.66666666666667,안정,0.24749485769742569,94.76,259.75393544445575
고양,열무,전환기 (봄/가을),특이 패턴 (전문 진단 필요),특이 패턴형 (전문 컨설팅 필요),66.66666666666667,안정,0.24749485769742569,94.76,259.75393544445575
고양,파프리카,고온건조기 (여름),사업 운영 중심 안정 관리,수익 극대화 타입 (출하 적기),78.94409937888199,안정,-0.03929234643458573,101.5,259.75393544445575
고양,파프리카,전환기 (봄/가을),사업 운영 중심 안정 관리,수익 극대화 타입 (출하 적기),78.94409937888199,안정,-0.03929234643458573,101.5,259.75393544445575
고양,팽이버섯,고온건조기 (여름),특이 패턴 (전문 진단 필요),특이 패턴형 (전문 컨설팅 필요),35.55238095238096,안정,-0.37237931301814203,97.77,259.75393544445575
고양,팽이버섯,동절기 (겨울),특이 패턴 (전문 진단 필요),특이 패턴형 (전문 컨설팅 필요),35.55238095238096,안정,-0.3723793130181421,97.77,259.75393544445575
고양,팽이버섯,고온다습기 (장마철),특이 패턴 (전문 진단 필요),특이 패턴형 (전문 컨설팅 필요),35.55238095238096,안정,-0.37237931301814203,97.77,259.75393544445575
고양,팽이버섯,전환기 (봄/가을),특이 패턴 (전문 진단 필요),특이 패턴형 (전문 컨설팅 필요),35.55238095238096,안정,-0.37237931301814203,97.77,259.75393544445575
고양,풋고추,고온건조기 (여름),특이 패턴 (전문 진단 필요),특이 패턴형 (전문 컨설팅 필요),65.18900343642612,안정,0.384691541057254,101.82,259.75393544445575
고양,풋고추,동절기 (겨울),특이 패턴 (전문 진단 필요),특이 패턴형 (전문 컨설팅 필요),65.18900343642612,안정,0.384691541057254,101.82,259.75393544445575
고양,풋고추,전환기 (봄/가을),특이 패턴 (전문 진단 필요),특이 패턴형 (전문 컨설팅 필요),65.18900343642612,안정,0.384691541057254,101.82,259.75393544445575
고양,피망,고온건조기 (여름),사업 운영 중심 안정 관리,수익 극대화 타입 (출하 적기),85.39999999999999,안정,-0.270337200583131,99.6,259.75393544445575
고양,피망,전환기 (봄/가을),사업 운영 중심 안정 관리,수익 극대화 타입 (출하 적기),85.39999999999999,안정,-0.270337200583131,99.6,259.75393544445575
광주,감자,고온건조기 (여름),기후 민감형 고위험 관리,기후변화 고위험군,38.237179487179496,안정,-0.13752337248546462,46.97,450.04438448251193
광주,감자,동절기 (겨울),기후 민감형 고위험 관리,기후변화 고위험군,38.237179487179496,안정,-0.13752337248546462,46.97,450.04438448251193
광주,감자,고온다습기 (장마철),기후 민감형 고위험 관리,기후변화 고위험군,38.237179487179496,안정,-0.13752337248546462,46.97,450.0443844825119
광주,감자,전환기 (봄/가을),기후 민감형 고위험 관리,기후변화 고위험군,38.237179487179496,안정,-0.13752337248546462,46.97,450.04438448251193
광주,느타리버섯,고온건조기 (여름),기후 민감형 고위험 관리,기후변화 고위험군,43.691275167785236,안정,-0.2512469620665816,76.38,450.04438448251193
광주,느타리버섯,동절기 (겨울),기후 민감형 고위험 관리,기후변화 고위험군,43.691275167785236,안정,-0.2512469620665816,76.38,450.04438448251193
광주,느타리버섯,고온다습기 (장마철),기후 민감형 고위험 관리,기후변화 고위험군,43.691275167785236,안정,-0.2512469620665816,76.38,450.04438448251193
광주,느타리버섯,전환기 (봄/가을),기후 민감형 고위험 관리,기후변화 고위험군,43.691275167785236,안정,-0.2512469620665816,76.38,450.04438448251193
광주,딸기,고온건조기 (여름),특이 패턴 (전문 진단 필요),특이 패턴형 (전문 컨설팅 필요),98.67924528301887,주의,-0.2424815552280015,108.8,450.04438448251193
광주,딸기,전환기 (봄/가을),특이 패턴 (전문 진단 필요),특이 패턴형 (전문 컨설팅 필요),98.67924528301887,주의,-0.24248155522800152,108.8,450.04438448251193
광주,땅콩,고온건조기 (여름),특이 패턴 (전문 진단 필요),특이 패턴형 (전문 컨설팅 필요),49.528301886792455,안정,0.7070485988817249,99.89999999999999,450.04438448251193
광주,땅콩,동절기 (겨울),특이 패턴 (전문 진단 필요),특이 패턴형 (전문 컨설팅 필요),49.528301886792455,안정,0.7070485988817249,99.9,450.04438448251193
광주,땅콩,전환기 (봄/가을),특이 패턴 (전문 진단 필요),특이 패턴형 (전문 컨설팅 필요),49.528301886792455,안정,0.7070485988817249,99.9,450.04438448251193
광주,미나리,고온건조기 (여름),특이 패턴 (전문 진단 필요),특이 패턴형 (전문 컨설팅 필요),53.223140495867774,안정,0.6975356597735175,98.98,450.04438448251193
광주,미나리,전환기 (봄/가을),특이 패턴 (전문 진단 필요),특이 패턴형 (전문 컨설팅 필요),53.223140495867774,안정,0.6975356597735175,98.98,450.04438448251193
광주,상추,고온건조기 (여름),기후 민감형 고위험 관리,기후변화 고위험군,43.488120950323975,안정,-0.19000920211420763,98.96999999999998,450.04438448251193
광주,상추,동절기 (겨울),기후 민감형 고위험 관리,기후변화 고위험군,43.488120950323975,안정,-0.19000920211420763,98.97,450.04438448251193
광주,상추,전환기 (봄/가을),기후 민감형 고위험 관리,기후변화 고위험군,43.488120950323975,안정,-0.19000920211420763,98.97,450.04438448251193
광주,새송이버섯,고온건조기 (여름),기후 민감형 고위험 관리,기후변화 고위험군,37.46524559777572,안정,-0.2104156698873416,78.90000000000002,450.04438448251193
광주,새송이버섯,동절기 (겨울),기후 민감형 고위험 관리,기후변화 고위험군,37.46524559777572,안정,-0.2104156698873416,78.9,450.04438448251193
광주,새송이버섯,고온다습기 (장마철),기후 민감형 고위험 관리,기후변화 고위험군,37.46524559777572,안정,-0.2104156698873416,78.9,450.04438448251193
광주,새송이버섯,전환기 (봄/가을),기후 민감형 고위험 관리,기후변화 고위험군,37.46524559777572,안정,-0.2104156698873416,78.9,450.04438448251193
광주,시금치,고온건조기 (여름),기후 민감형 고위험 관리,기후변화 고위험군,42.91773778920308,안정,-0.15890243386670908,100.0,450.04438448251193
광주,시금치,동절기 (겨울),기후 민감형 고위험 관리,기후변화 고위험군,42.91773778920308,안정,-0.15890243386670908,100.0,450.04438448251193
광주,시금치,전환기 (봄/가을),기후 민감형 고위험 관리,기후변화 고위험군,42.91773778920308,안정,-0.15890243386670908,100.0,450.04438448251193
광주,파,고온건조기 (여름),사업 운영 중심 안정 관리,수익 극대화 타입 (출하 적기),86.7816091954023,안정,,103.27,450.04438448251193
광주,파,전환기 (봄/가을),사업 운영 중심 안정 관리,수익 극대화 타입 (출하 적기),86.7816091954023,안정,,103.27,450.04438448251193
광주,파프리카,고온건조기 (여름),사업 운영 중심 안정 관리,고효율 집중 성장 타입,94.54545454545455,안정,-0.019247221911563712,100.84,450.04438448251193
광주,파프리카,전환기 (봄/가을),사업 운영 중심 안정 관리,고효율 집중 성장 타입,94.54545454545455,안정,-0.019247221911563712,100.84,450.04438448251193
광주,팽이버섯,고온건조기 (여름),특이 패턴 (전문 진단 필요),특이 패턴형 (전문 컨설팅 필요),35.81548599670511,안정,-0.4670466725805216,92.85,450.04438448251193
광주,팽이버섯,동절기 (겨울),특이 패턴 (전문 진단 필요),특이 패턴형 (전문 컨설팅 필요),35.81548599670511,안정,-0.4670466725805216,92.85,450.04438448251193
광주,팽이버섯,고온다습기 (장마철),특이 패턴 (전문 진단 필요),특이 패턴형 (전문 컨설팅 필요),35.81548599670511,안정,-0.4670466725805216,92.85,450.044384482512
광주,팽이버섯,전환기 (봄/가을),특이 패턴 (전문 진단 필요),특이 패턴형 (전문 컨설팅 필요),35.81548599670511,안정,-0.4670466725805216,92.85,450.04438448251193
광주,풋고추,고온건조기 (여름),기후 민감형 고위험 관리,기후변화 고위험군,46.518518518518526,안정,0.3196356737868228,101.16000000000001,450.04438448251193
광주,풋고추,동절기 (겨울),기후 민감형 고위험 관리,기후변화 고위험군,46.518518518518526,안정,0.31963567378682284,101.16,450.044384482512
광주,풋고추,전환기 (봄/가을),기후 민감형 고위험 관리,기후변화 고위험군,46.518518518518526,안정,0.31963567378682284,101.16,450.04438448251193
광주,피망,고온건조기 (여름),사업 운영 중심 안정 관리,시장 관망 타입 (출하 조절),84.11214953271028,안정,-0.16155595534547607,93.36,450.04438448251193
광주,호박,고온건조기 (여름),사업 운영 중심 안정 관리,시장 관망 타입 (출하 조절),85.92592592592592,안정,-0.5809962846431995,94.42,450.044384482512
김해,감자,고온건조기 (여름),기후 민감형 고위험 관리,기후변화 고위험군,38.04778554778555,안정,-0.3059985284427196,40.09,359.23057970353995
김해,감자,동절기 (겨울),기후 민감형 고위험 관리,기후변화 고위험군,38.04778554778555,안정,-0.3059985284427196,40.09,359.23057970353995
김해,감자,고온다습기 (장마철),기후 민감형 고위험 관리,기후변화 고위험군,38.04778554778555,안정,-0.3059985284427196,40.09,359.23057970353995
김해,감자,전환기 (봄/가을),기후 민감형 고위험 관리,기후변화 고위험군,38.04778554778555,안정,-0.3059985284427195,40.09,359.23057970353995
김해,느타리버섯,고온건조기 (여름),기후 민감형 고위험 관리,기후변화 고위험군,42.39067055393586,안정,-0.23706753035306896,76.43,359.23057970353995
김해,느타리버섯,동절기 (겨울),기후 민감형 고위험 관리,기후변화 고위험군,42.39067055393586,안정,-0.23706753035306896,76.43,359.2305797035399
김해,느타리버섯,고온다습기 (장마철),기후 민감형 고위험 관리,기후변화 고위험군,42.39067055393586,안정,-0.23706753035306896,76.43,359.23057970353995
김해,느타리버섯,전환기 (봄/가을),기후 민감형 고위험 관리,기후변화 고위험군,42.39067055393586,안정,-0.23706753035306896,76.43,359.23057970353995
김해,땅콩,고온건조기 (여름),기후 민감형 고위험 관리,기후변화 고위험군,47.851239669421496,안정,0.3877661349313364,97.03000000000002,359.23057970353995
김해,땅콩,동절기 (겨울),기후 민감형 고위험 관리,기후변화 고위험군,47.851239669421496,안정,0.3877661349313364,97.03,359.23057970353995
김해,땅콩,전환기 (봄/가을),기후 민감형 고위험 관리,기후변화 고위험군,47.851239669421496,안정,0.3877661349313364,97.03,359.23057970353995
김해,미나리,고온건조기 (여름),특이 패턴 (전문 진단 필요),특이 패턴형 (전문 컨설팅 필요),53.223140495867774,안정,0.6975356597735175,98.98,359.23057970353995
김해,미나리,전환기 (봄/가을),특이 패턴 (전문 진단 필요),특이 패턴형 (전문 컨설팅 필요),53.223140495867774,안정,0.6975356597735175,98.98,359.23057970353995
김해,상추,고온건조기 (여름),기후 민감형 고위험 관리,기후변화 고위험군,44.92220650636492,안정,0.08398137227095398,100.84,359.23057970353995
김해,상추,동절기 (겨울),기후 민감형 고위험 관리,기후변화 고위험군,44.92220650636492,안정,0.08398137227095398,100.84,359.23057970353995
김해,상추,전환기 (봄/가을),기후 민감형 고위험 관리,기후변화 고위험군,44.92220650636493,안정,0.08398137227095398,100.84,359.23057970354
김해,새송이버섯,고온건조기 (여름),기후 민감형 고위험 관리,기후변화 고위험군,37.12271540469973,안정,-0.1675128416357765,78.98,359.23057970353995
김해,새송이버섯,동절기 (겨울),기후 민감형 고위험 관리,기후변화 고위험군,37.12271540469973,안정,-0.1675128416357765,78.98,359.23057970353995
김해,새송이버섯,고온다습기 (장마철),기후 민감형 고위험 관리,기후변화 고위험군,37.12271540469973,안정,-0.1675128416357765,78.98,359.23057970353995
김해,새송이버섯,전환기 (봄/가을),기후 민감형 고위험 관리,기후변화 고위험군,37.12271540469973,안정,-0.1675128416357765,78.98,359.23057970353995
김해,시금치,고온건조기 (여름),기후 민감형 고위험 관리,기후변화 고위험군,41.51103565365026,안정,-0.18901389157346557,99.22,359.2305797035399
김해,시금치,동절기 (겨울),기후 민감형 고위험 관리,기후변화 고위험군,41.51103565365026,안정,-0.18901389157346551,99.21999999999998,359.23057970354
김해,시금치,전환기 (봄/가을),기후 민감형 고위험 관리,기후변화 고위험군,41.51103565365026,안정,-0.18901389157346554,99.21999999999998,359.23057970353995
김해,파프리카,고온건조기 (여름),사업 운영 중심 안정 관리,다각화 안정 추구 타입,92.78481012658229,안정,-0.2125990299353955,100.37,359.23057970353995
김해,파프리카,전환기 (봄/가을),사업 운영 중심 안정 관리,다각화 안정 추구 타입,92.7848101265823,안정,-0.2125990299353955,100.37,359.23057970353995
김해,팽이버섯,고온건조기 (여름),기후 민감형 고위험 관리,기후변화 고위험군,35.23681858802503,안정,-0.3024682360801253,90.62,359.23057970353995
김해,팽이버섯,동절기 (겨울),기후 민감형 고위험 관리,기후변화 고위험군,35.23681858802503,안정,-0.3024682360801253,90.62,359.23057970353995
김해,팽이버섯,고온다습기 (장마철),기후 민감형 고위험 관리,기후변화 고위험군,35.23681858802503,안정,-0.3024682360801253,90.62,359.23057970353995
김해,팽이버섯,전환기 (봄/가을),기후 민감형 고위험 관리,기후변화 고위험군,35.23681858802503,안정,-0.3024682360801253,90.62,359.23057970353995
김해,풋고추,고온건조기 (여름),사업 운영 중심 안정 관리,수익 극대화 타입 (출하 적기),67.53968253968254,안정,0.3752237995788222,102.20000000000002,359.23057970353995
김해,풋고추,전환기 (봄/가을),사업 운영 중심 안정 관리,수익 극대화 타입 (출하 적기),67.53968253968254,안정,0.3752237995788222,102.2,359.23057970353995
김해,피망,고온건조기 (여름),사업 운영 중심 안정 관리,시장 관망 타입 (출하 조절),94.05940594059405,안정,0.5844422142177575,100.02,359.23057970353995
김해,호박,고온건조기 (여름),사업 운영 중심 안정 관리,시장 관망 타입 (출하 조절),81.13636363636364,데이터 부족,,100.0,359.23057970353995
대구,감자,고온건조기 (여름),기후 민감형 고위험 관리,기후변화 고위험군,41.89051094890511,안정,-0.13995318449727193,45.24,340.95435936612404
대구,감자,동절기 (겨울),기후 민감형 고위험 관리,기후변화 고위험군,41.89051094890511,안정,-0.13995318449727193,45.24,340.95435936612404
대구,감자,고온다습기 (장마철),기후 민감형 고위험 관리,기후변화 고위험군,41.89051094890511,안정,-0.13995318449727193,45.24,340.95435936612404
대구,감자,전환기 (봄/가을),기후 민감형 고위험 관리,기후변화 고위험군,41.89051094890511,안정,-0.13995318449727193,45.24,340.95435936612404
대구,느타리버섯,고온건조기 (여름),기후 민감형 고위험 관리,기후변화 고위험군,44.26315789473685,안정,-0.14971322458595773,76.08,340.9543593661241
대구,느타리버섯,동절기 (겨울),기후 민감형 고위험 관리,기후변화 고위험군,44.26315789473685,안정,-0.14971322458595773,76.08,340.95435936612404
대구,느타리버섯,고온다습기 (장마철),기후 민감형 고위험 관리,기후변화 고위험군,44.26315789473685,안정,-0.14971322458595773,76.08,340.95435936612404
대구,느타리버섯,전환기 (봄/가을),기후 민감형 고위험 관리,기후변화 고위험군,44.26315789473685,안정,-0.14971322458595773,76.08,340.95435936612404
대구,딸기,고온건조기 (여름),사업 운영 중심 안정 관리,고효율 집중 성장 타입,92.45098039215686,안정,,77.89,340.95435936612404
대구,딸기,동절기 (겨울),사업 운영 중심 안정 관리,고효율 집중 성장 타입,92.45098039215686,안정,,77.89,340.95435936612404
대구,땅콩,고온건조기 (여름),특이 패턴 (전문 진단 필요),특이 패턴형 (전문 컨설팅 필요),48.20754716981133,안정,0.728603469380252,99.9,340.95435936612404
대구,땅콩,동절기 (겨울),특이 패턴 (전문 진단 필요),특이 패턴형 (전문 컨설팅 필요),48.20754716981133,안정,0.728603469380252,99.9,340.95435936612404
대구,땅콩,전환기 (봄/가을),특이 패턴 (전문 진단 필요),특이 패턴형 (전문 컨설팅 필요),48.20754716981133,안정,0.728603469380252,99.9,340.95435936612404
대구,미나리,고온건조기 (여름),특이 패턴 (전문 진단 필요),특이 패턴형 (전문 컨설팅 필요),56.115702479338836,안정,0.680575391136714,98.98,340.95435936612404
대구,미나리,동절기 (겨울),특이 패턴 (전문 진단 필요),특이 패턴형 (전문 컨설팅 필요),56.11570247933884,안정,0.680575391136714,98.98,340.95435936612404
대구,미나리,전환기 (봄/가을),특이 패턴 (전문 진단 필요),특이 패턴형 (전문 컨설팅 필요),56.115702479338836,안정,0.680575391136714,98.98,340.95435936612404
대구,상추,고온건조기 (여름),기후 민감형 고위험 관리,기후변화 고위험군,47.375415282392034,안정,-0.04459740855693661,99.99,340.95435936612404
대구,상추,동절기 (겨울),기후 민감형 고위험 관리,기후변화 고위험군,47.375415282392034,안정,-0.04459740855693661,99.99,340.95435936612404
대구,상추,전환기 (봄/가을),기후 민감형 고위험 관리,기후변화 고위험군,47.375415282392034,안정,-0.04459740855693661,99.99,340.95435936612404
대구,새송이버섯,고온건조기 (여름),기후 민감형 고위험 관리,기후변화 고위험군,37.84654514624841,안정,-0.17086318811008902,83.83,340.95435936612404
대구,새송이버섯,동절기 (겨울),기후 민감형 고위험 관리,기후변화 고위험군,37.84654514624841,안정,-0.17086318811008902,83.83,340.95435936612404
대구,새송이버섯,고온다습기 (장마철),기후 민감형 고위험 관리,기후변화 고위험군,37.84654514624841,안정,-0.17086318811008902,83.83,340.95435936612404
대구,새송이버섯,전환기 (봄/가을),기후 민감형 고위험 관리,기후변화 고위험군,37.84654514624841,안정,-0.17086318811008902,83.83,340.95435936612404
대구,시금치,고온건조기 (여름),기후 민감형 고위험 관리,기후변화 고위험군,49.31564245810056,안정,-0.2409777949768911,100.0,340.95435936612404
대구,시금치,동절기 (겨울),기후 민감형 고위험 관리,기후변화 고위험군,49.31564245810056,안정,-0.2409777949768911,100.0,340.95435936612404
대구,시금치,전환기 (봄/가을),기후 민감형 고위험 관리,기후변화 고위험군,49.31564245810056,안정,-0.2409777949768911,100.0,340.95435936612404
대구,알배기배추,고온건조기 (여름),사업 운영 중심 안정 관리,수익 극대화 타입 (출하 적기),68.18181818181819,안정,-0.09607956855469872,103.91,340.95435936612404
대구,파,고온건조기 (여름),사업 운영 중심 안정 관리,수익 극대화 타입 (출하 적기),71.97860962566844,안정,-0.2379558853827986,89.65,340.95435936612404
대구,파,동절기 (겨울),사업 운영 중심 안정 관리,수익 극대화 타입 (출하 적기),71.97860962566844,안정,-0.2379558853827986,89.65,340.95435936612404
대구,파,전환기 (봄/가을),사업 운영 중심 안정 관리,수익 극대화 타입 (출하 적기),71.97860962566844,안정,-0.2379558853827986,89.65,340.95435936612404
대구,파프리카,고온건조기 (여름),사업 운영 중심 안정 관리,고효율 집중 성장 타입,86.22377622377623,안정,0.3350000680400347,100.37,340.95435936612404
대구,파프리카,전환기 (봄/가을),사업 운영 중심 안정 관리,고효율 집중 성장 타입,86.22377622377623,안정,0.3350000680400347,100.37000000000002,340.95435936612404
대구,팽이버섯,고온건조기 (여름),특이 패턴 (전문 진단 필요),특이 패턴형 (전문 컨설팅 필요),36.680227827502044,안정,-0.41749525762319883,94.95000000000002,340.9543593661241
대구,팽이버섯,동절기 (겨울),특이 패턴 (전문 진단 필요),특이 패턴형 (전문 컨설팅 필요),36.680227827502044,안정,-0.41749525762319883,94.95,340.95435936612404
대구,팽이버섯,전환기 (봄/가을),특이 패턴 (전문 진단 필요),특이 패턴형 (전문 컨설팅 필요),36.680227827502044,안정,-0.41749525762319883,94.95,340.95435936612404
대구,풋고추,고온건조기 (여름),기후 민감형 고위험 관리,기후변화 고위험군,56.98176907494937,안정,-0.1292655862268963,121.81000000000002,340.95435936612404
대구,풋고추,동절기 (겨울),기후 민감형 고위험 관리,기후변화 고위험군,56.98176907494936,안정,-0.1292655862268963,121.81,340.95435936612404
대구,풋고추,전환기 (봄/가을),기후 민감형 고위험 관리,기후변화 고위험군,56.98176907494937,안정,-0.1292655862268963,121.81,340.95435936612404
대구,피망,고온건조기 (여름),사업 운영 중심 안정 관리,수익 극대화 타입 (출하 적기),79.22077922077922,안정,,95.77,340.95435936612404
대구,호박,고온건조기 (여름),사업 운영 중심 안정 관리,시장 관망 타입 (출하 조절),83.05882352941177,안정,-0.11163174409879616,94.91,340.95435936612404
대구,호박,전환기 (봄/가을),사업 운영 중심 안정 관리,시장 관망 타입 (출하 조절),83.05882352941177,안정,-0.11163174409879618,94.91,340.95435936612404
대전,감자,고온건조기 (여름),기후 민감형 고위험 관리,기후변화 고위험군,38.7709284627093,안정,-0.3061517437506563,48.71,436.8375666936071
대전,감자,동절기 (겨울),기후 민감형 고위험 관리,기후변화 고위험군,38.7709284627093,안정,-0.3061517437506563,48.71,436.8375666936071
대전,감자,고온다습기 (장마철),기후 민감형 고위험 관리,기후변화 고위험군,38.7709284627093,안정,-0.3061517437506563,48.71,436.8375666936071
대전,감자,전환기 (봄/가을),기후 민감형 고위험 관리,기후변화 고위험군,38.7709284627093,안정,-0.3061517437506563,48.71,436.8375666936071
대전,느타리버섯,고온건조기 (여름),기후 민감형 고위험 관리,기후변화 고위험군,42.12972420837588,안정,-0.21147640132247608,81.66,436.8375666936071
대전,느타리버섯,동절기 (겨울),기후 민감형 고위험 관리,기후변화 고위험군,42.12972420837588,안정,-0.21147640132247608,81.66,436.837566693607
대전,느타리버섯,고온다습기 (장마철),기후 민감형 고위험 관리,기후변화 고위험군,42.12972420837588,안정,-0.21147640132247608,81.66,436.8375666936071
대전,느타리버섯,전환기 (봄/가을),기후 민감형 고위험 관리,기후변화 고위험군,42.12972420837588,안정,-0.21147640132247608,81.66,436.8375666936071
대전,땅콩,고온건조기 (여름),특이 패턴 (전문 진단 필요),특이 패턴형 (전문 컨설팅 필요),48.679245283018865,안정,0.7141836129547373,99.9,436.8375666936071
대전,땅콩,동절기 (겨울),특이 패턴 (전문 진단 필요),특이 패턴형 (전문 컨설팅 필요),48.679245283018865,안정,0.7141836129547373,99.9,436.83756669360713
대전,땅콩,전환기 (봄/가을),특이 패턴 (전문 진단 필요),특이 패턴형 (전문 컨설팅 필요),48.679245283018865,안정,0.7141836129547373,99.9,436.8375666936071
대전,미나리,고온건조기 (여름),특이 패턴 (전문 진단 필요),특이 패턴형 (전문 컨설팅 필요),55.78512396694215,안정,0.6744239210676432,98.98,436.8375666936071
대전,미나리,전환기 (봄/가을),특이 패턴 (전문 진단 필요),특이 패턴형 (전문 컨설팅 필요),55.78512396694215,안정,0.6744239210676432,98.98,436.8375666936071
대전,상추,고온건조기 (여름),기후 민감형 고위험 관리,기후변화 고위험군,42.550111358574604,안정,-0.14432866786599688,99.53,436.8375666936071
대전,상추,동절기 (겨울),기후 민감형 고위험 관리,기후변화 고위험군,42.550111358574604,안정,-0.14432866786599688,99.53,436.837566693607
대전,상추,전환기 (봄/가을),기후 민감형 고위험 관리,기후변화 고위험군,42.550111358574604,안정,-0.14432866786599688,99.53000000000002,436.8375666936071
대전,새송이버섯,고온건조기 (여름),기후 민감형 고위험 관리,기후변화 고위험군,37.964216634429405,안정,-0.2409050305026292,77.65,436.8375666936071
대전,새송이버섯,동절기 (겨울),기후 민감형 고위험 관리,기후변화 고위험군,37.964216634429405,안정,-0.2409050305026292,77.65,436.8375666936071
대전,새송이버섯,고온다습기 (장마철),기후 민감형 고위험 관리,기후변화 고위험군,37.964216634429405,안정,-0.2409050305026292,77.65,436.8375666936071
대전,새송이버섯,전환기 (봄/가을),기후 민감형 고위험 관리,기후변화 고위험군,37.964216634429405,안정,-0.2409050305026292,77.65,436.8375666936071
대전,시금치,고온건조기 (여름),기후 민감형 고위험 관리,기후변화 고위험군,44.38472418670439,안정,-0.2591095825137515,100.0,436.8375666936071
대전,시금치,동절기 (겨울),기후 민감형 고위험 관리,기후변화 고위험군,44.384724186704396,안정,-0.2591095825137515,100.0,436.8375666936071
대전,시금치,전환기 (봄/가을),기후 민감형 고위험 관리,기후변화 고위험군,44.384724186704396,안정,-0.2591095825137515,100.0,436.837566693607
대전,파,고온건조기 (여름),사업 운영 중심 안정 관리,수익 극대화 타입 (출하 적기),71.08843537414967,안정,0.1426213623736014,100.7,436.8375666936071
대전,파,전환기 (봄/가을),사업 운영 중심 안정 관리,수익 극대화 타입 (출하 적기),71.08843537414967,안정,0.1426213623736014,100.70000000000002,436.8375666936071
대전,파프리카,고온건조기 (여름),사업 운영 중심 안정 관리,다각화 안정 추구 타입,85.678391959799,안정,-0.011228719875901981,100.37,436.8375666936071
대전,파프리카,전환기 (봄/가을),사업 운영 중심 안정 관리,다각화 안정 추구 타입,85.678391959799,안정,-0.011228719875901981,100.37,436.8375666936071
대전,팽이버섯,고온건조기 (여름),기후 민감형 고위험 관리,기후변화 고위험군,35.03734439834025,안정,-0.2300759547834451,87.29,436.8375666936071
대전,팽이버섯,동절기 (겨울),기후 민감형 고위험 관리,기후변화 고위험군,35.03734439834025,안정,-0.2300759547834451,87.29,436.8375666936071
대전,팽이버섯,전환기 (봄/가을),기후 민감형 고위험 관리,기후변화 고위험군,35.03734439834025,안정,-0.23007595478344514,87.29,436.8375666936071
대전,풋고추,고온건조기 (여름),사업 운영 중심 안정 관리,수익 극대화 타입 (출하 적기),75.81967213114754,안정,-0.20769376899343522,102.1,436.8375666936071
대전,풋고추,전환기 (봄/가을),사업 운영 중심 안정 관리,수익 극대화 타입 (출하 적기),75.81967213114754,안정,-0.20769376899343522,102.1,436.837566693607
대전,피망,고온건조기 (여름),사업 운영 중심 안정 관리,수익 극대화 타입 (출하 적기),83.38461538461539,안정,,100.0,436.8375666936071
대전,호박,고온건조기 (여름),사업 운영 중심 안정 관리,시장 관망 타입 (출하 조절),91.95488721804513,안정,-0.18137750638404004,96.28000000000002,436.837566693607
대전,호박,전환기 (봄/가을),사업 운영 중심 안정 관리,시장 관망 타입 (출하 조절),91.95488721804512,안정,-0.18137750638404004,96.28,436.8375666936071
부산,감자,고온건조기 (여름),기후 민감형 고위험 관리,기후변화 고위험군,42.09459459459459,안정,-0.1371410322616094,47.39999999999999,364.96523427712344
부산,감자,동절기 (겨울),기후 민감형 고위험 관리,기후변화 고위험군,42.09459459459459,안정,-0.1371410322616094,47.4,364.9652342771235
부산,감자,고온다습기 (장마철),기후 민감형 고위험 관리,기후변화 고위험군,42.09459459459459,안정,-0.1371410322616094,47.4,364.9652342771235
부산,감자,전환기 (봄/가을),기후 민감형 고위험 관리,기후변화 고위험군,42.09459459459459,안정,-0.1371410322616094,47.4,364.9652342771235
부산,느타리버섯,고온건조기 (여름),기후 민감형 고위험 관리,기후변화 고위험군,47.04189803129732,안정,-0.05706661831847391,78.88,364.9652342771235
부산,느타리버섯,동절기 (겨울),기후 민감형 고위험 관리,기후변화 고위험군,47.04189803129732,안정,-0.05706661831847391,78.88,364.9652342771235
부산,느타리버섯,고온다습기 (장마철),기후 민감형 고위험 관리,기후변화 고위험군,47.04189803129732,안정,-0.05706661831847391,78.88,364.96523427712356
부산,느타리버섯,전환기 (봄/가을),기후 민감형 고위험 관리,기후변화 고위험군,47.04189803129732,안정,-0.05706661831847391,78.88,364.9652342771235
부산,딸기,고온건조기 (여름),사업 운영 중심 안정 관리,수익 극대화 타입 (출하 적기),91.53846153846153,안정,-0.1781000482167968,68.62,364.9652342771235
부산,딸기,동절기 (겨울),사업 운영 중심 안정 관리,고효율 집중 성장 타입,91.53846153846152,안정,-0.1781000482167968,68.62,364.96523427712356
부산,딸기,전환기 (봄/가을),사업 운영 중심 안정 관리,고효율 집중 성장 타입,91.53846153846153,안정,-0.1781000482167968,68.62,364.9652342771235
부산,땅콩,고온건조기 (여름),특이 패턴 (전문 진단 필요),특이 패턴형 (전문 컨설팅 필요),55.37604456824513,안정,0.44933897373959425,98.24,364.9652342771235
부산,땅콩,동절기 (겨울),특이 패턴 (전문 진단 필요),특이 패턴형 (전문 컨설팅 필요),55.37604456824513,안정,0.44933897373959425,98.24,364.9652342771235
부산,땅콩,전환기 (봄/가을),특이 패턴 (전문 진단 필요),특이 패턴형 (전문 컨설팅 필요),55.37604456824513,안정,0.44933897373959425,98.24000000000001,364.9652342771235
부산,미나리,고온건조기 (여름),특이 패턴 (전문 진단 필요),특이 패턴형 (전문 컨설팅 필요),61.5702479338843,안정,0.753889031365112,98.98,364.9652342771235
부산,미나리,동절기 (겨울),특이 패턴 (전문 진단 필요),특이 패턴형 (전문 컨설팅 필요),61.5702479338843,안정,0.753889031365112,98.98,364.9652342771235
부산,미나리,전환기 (봄/가을),특이 패턴 (전문 진단 필요),특이 패턴형 (전문 컨설팅 필요),61.570247933884296,안정,0.753889031365112,98.98,364.9652342771235
부산,상추,고온건조기 (여름),기후 민감형 고위험 관리,기후변화 고위험군,48.87589928057554,안정,-0.11879826391980432,100.0,364.9652342771235
부산,상추,동절기 (겨울),기후 민감형 고위험 관리,기후변화 고위험군,48.87589928057554,안정,-0.11879826391980432,100.0,364.9652342771235
부산,상추,전환기 (봄/가을),기후 민감형 고위험 관리,기후변화 고위험군,48.87589928057554,안정,-0.11879826391980432,100.0,364.9652342771235
부산,새송이버섯,고온건조기 (여름),기후 민감형 고위험 관리,기후변화 고위험군,40.824313072439644,안정,-0.3208681722778341,78.62,364.9652342771235
부산,새송이버섯,동절기 (겨울),기후 민감형 고위험 관리,기후변화 고위험군,40.824313072439644,안정,-0.3208681722778341,78.62,364.9652342771235
부산,새송이버섯,고온다습기 (장마철),기후 민감형 고위험 관리,기후변화 고위험군,40.824313072439644,안정,-0.3208681722778341,78.62,364.9652342771235
부산,새송이버섯,전환기 (봄/가을),기후 민감형 고위험 관리,기후변화 고위험군,40.824313072439644,안정,-0.3208681722778341,78.62,364.9652342771235
부산,시금치,고온건조기 (여름),기후 민감형 고위험 관리,기후변화 고위험군,51.05047748976807,안정,-0.20028259803616172,100.0,364.9652342771235
부산,시금치,동절기 (겨울),기후 민감형 고위험 관리,기후변화 고위험군,51.05047748976808,안정,-0.20028259803616172,100.0,364.9652342771235
부산,시금치,전환기 (봄/가을),기후 민감형 고위험 관리,기후변화 고위험군,51.05047748976808,안정,-0.2002825980361617,100.0,364.9652342771235
부산,파,고온건조기 (여름),사업 운영 중심 안정 관리,수익 극대화 타입 (출하 적기),87.59615384615384,안정,,100.0,364.9652342771235
부산,파,전환기 (봄/가을),사업 운영 중심 안정 관리,수익 극대화 타입 (출하 적기),87.59615384615384,안정,,100.0,364.9652342771235
부산,파프리카,고온건조기 (여름),사업 운영 중심 안정 관리,고효율 집중 성장 타입,85.83061889250814,안정,0.07155845586889924,100.36999999999999,364.9652342771235
부산,파프리카,전환기 (봄/가을),사업 운영 중심 안정 관리,고효율 집중 성장 타입,85.83061889250814,안정,0.07155845586889924,100.37000000000002,364.9652342771235
부산,팽이버섯,고온건조기 (여름),특이 패턴 (전문 진단 필요),특이 패턴형 (전문 컨설팅 필요),40.905416329830246,안정,-0.5075986214154131,93.67,364.9652342771235
부산,팽이버섯,동절기 (겨울),특이 패턴 (전문 진단 필요),특이 패턴형 (전문 컨설팅 필요),40.905416329830246,안정,-0.5075986214154131,93.67,364.9652342771235
부산,팽이버섯,고온다습기 (장마철),특이 패턴 (전문 진단 필요),특이 패턴형 (전문 컨설팅 필요),40.90541632983025,안정,-0.5075986214154131,93.67,364.9652342771235
부산,팽이버섯,전환기 (봄/가을),특이 패턴 (전문 진단 필요),특이 패턴형 (전문 컨설팅 필요),40.905416329830246,안정,-0.5075986214154131,93.67,364.9652342771235
부산,풋고추,고온건조기 (여름),기후 민감형 고위험 관리,기후변화 고위험군,58.06648575305291,안정,-0.2164595875767962,105.59,364.9652342771235
부산,풋고추,동절기 (겨울),기후 민감형 고위험 관리,기후변화 고위험군,58.06648575305291,안정,-0.2164595875767962,105.59,364.9652342771235
부산,풋고추,고온다습기 (장마철),기후 민감형 고위험 관리,기후변화 고위험군,58.066485753052916,안정,-0.2164595875767962,105.59,364.9652342771235
부산,풋고추,전환기 (봄/가을),기후 민감형 고위험 관리,기후변화 고위험군,58.0664857530529,안정,-0.21645958757679623,105.59,364.9652342771235
부산,피망,고온건조기 (여름),사업 운영 중심 안정 관리,수익 극대화 타입 (출하 적기),100.0,안정,,98.39,364.9652342771235
부산,호박,고온건조기 (여름),사업 운영 중심 안정 관리,시장 관망 타입 (출하 조절),67.4496644295302,안정,-0.05115093214827597,93.94,364.9652342771235
부산,호박,전환기 (봄/가을),사업 운영 중심 안정 관리,시장 관망 타입 (출하 조절),67.4496644295302,안정,-0.05115093214827597,93.94,364.9652342771235
서울,감자,고온건조기 (여름),기후 민감형 고위험 관리,기후변화 고위험군,36.440508021390386,안정,-0.14779335969168128,50.67,428.5615303595853
서울,감자,동절기 (겨울),기후 민감형 고위험 관리,기후변화 고위험군,36.440508021390386,안정,-0.14779335969168128,50.67,428.5615303595853
서울,감자,고온다습기 (장마철),기후 민감형 고위험 관리,기후변화 고위험군,36.440508021390386,안정,-0.14779335969168128,50.67000000000001,428.5615303595852
서울,감자,전환기 (봄/가을),기후 민감형 고위험 관리,기후변화 고위험군,36.440508021390386,안정,-0.14779335969168128,50.67,428.5615303595852
서울,느타리버섯,고온건조기 (여름),기후 민감형 고위험 관리,기후변화 고위험군,44.69095640858815,안정,-0.12065413855360294,85.07,428.56153035958516
서울,느타리버섯,동절기 (겨울),기후 민감형 고위험 관리,기후변화 고위험군,44.69095640858816,안정,-0.12065413855360294,85.07,428.5615303595852
서울,느타리버섯,고온다습기 (장마철),기후 민감형 고위험 관리,기후변화 고위험군,44.69095640858816,안정,-0.12065413855360294,85.07,428.5615303595852
서울,느타리버섯,전환기 (봄/가을),기후 민감형 고위험 관리,기후변화 고위험군,44.69095640858816,안정,-0.12065413855360294,85.07,428.5615303595852
서울,딸기,고온건조기 (여름),사업 운영 중심 안정 관리,수익 극대화 타입 (출하 적기),94.48132780082987,안정,0.013760417374327644,99.39,428.5615303595852
서울,딸기,동절기 (겨울),사업 운영 중심 안정 관리,고효율 집중 성장 타입,94.48132780082987,안정,0.013760417374327646,99.39,428.5615303595853
서울,딸기,전환기 (봄/가을),사업 운영 중심 안정 관리,고효율 집중 성장 타입,94.48132780082987,안정,0.013760417374327646,99.39,428.5615303595852
서울,땅콩,고온건조기 (여름),특이 패턴 (전문 진단 필요),특이 패턴형 (전문 컨설팅 필요),48.01886792452831,안정,0.7311598195847493,99.9,428.5615303595852
서울,땅콩,동절기 (겨울),특이 패턴 (전문 진단 필요),특이 패턴형 (전문 컨설팅 필요),48.01886792452831,안정,0.7311598195847493,99.9,428.5615303595852
서울,땅콩,전환기 (봄/가을),특이 패턴 (전문 진단 필요),특이 패턴형 (전문 컨설팅 필요),48.01886792452831,안정,0.7311598195847493,99.9,428.5615303595852
서울,미나리,고온건조기 (여름),특이 패턴 (전문 진단 필요),특이 패턴형 (전문 컨설팅 필요),50.57851239669422,안정,0.7259257555282155,98.98,428.5615303595852
서울,미나리,전환기 (봄/가을),특이 패턴 (전문 진단 필요),특이 패턴형 (전문 컨설팅 필요),50.578512396694215,안정,0.7259257555282156,98.98,428.5615303595852
서울,상추,고온건조기 (여름),기후 민감형 고위험 관리,기후변화 고위험군,43.75652173913044,안정,0.13551154353972356,97.21,428.5615303595852
서울,상추,동절기 (겨울),기후 민감형 고위험 관리,기후변화 고위험군,43.75652173913044,안정,0.13551154353972356,97.21,428.5615303595852
서울,상추,전환기 (봄/가을),기후 민감형 고위험 관리,기후변화 고위험군,43.75652173913044,안정,0.13551154353972356,97.21,428.56153035958516
서울,새송이버섯,고온건조기 (여름),기후 민감형 고위험 관리,기후변화 고위험군,36.448748991121874,안정,-0.4022405352935157,76.6,428.5615303595853
서울,새송이버섯,동절기 (겨울),기후 민감형 고위험 관리,기후변화 고위험군,36.448748991121874,안정,-0.4022405352935157,76.6,428.5615303595852
서울,새송이버섯,고온다습기 (장마철),기후 민감형 고위험 관리,기후변화 고위험군,36.448748991121874,안정,-0.4022405352935157,76.6,428.5615303595852
서울,새송이버섯,전환기 (봄/가을),기후 민감형 고위험 관리,기후변화 고위험군,36.448748991121874,안정,-0.4022405352935157,76.6,428.5615303595852
서울,시금치,고온건조기 (여름),기후 민감형 고위험 관리,기후변화 고위험군,41.3112582781457,안정,-0.23227329200585983,100.0,428.5615303595852
서울,시금치,동절기 (겨울),기후 민감형 고위험 관리,기후변화 고위험군,41.3112582781457,안정,-0.23227329200585983,100.0,428.5615303595853
서울,시금치,전환기 (봄/가을),기후 민감형 고위험 관리,기후변화 고위험군,41.3112582781457,안정,-0.23227329200585983,100.0,428.5615303595852
서울,파프리카,고온건조기 (여름),사업 운영 중심 안정 관리,고효율 집중 성장 타입,84.1951219512195,안정,0.025319576574431523,100.37,428.5615303595852
서울,파프리카,전환기 (봄/가을),사업 운영 중심 안정 관리,고효율 집중 성장 타입,84.1951219512195,안정,0.025319576574431527,100.37,428.5615303595852
서울,팽이버섯,고온건조기 (여름),특이 패턴 (전문 진단 필요),특이 패턴형 (전문 컨설팅 필요),35.59936908517351,안정,-0.6172814484919366,93.15,428.5615303595853
서울,팽이버섯,동절기 (겨울),특이 패턴 (전문 진단 필요),특이 패턴형 (전문 컨설팅 필요),35.59936908517351,안정,-0.6172814484919366,93.15,428.5615303595852
서울,팽이버섯,고온다습기 (장마철),특이 패턴 (전문 진단 필요),특이 패턴형 (전문 컨설팅 필요),35.59936908517351,안정,-0.6172814484919366,93.15,428.5615303595853
서울,팽이버섯,전환기 (봄/가을),특이 패턴 (전문 진단 필요),특이 패턴형 (전문 컨설팅 필요),35.59936908517351,안정,-0.6172814484919364,93.15,428.5615303595852
서울,풋고추,고온건조기 (여름),기후 민감형 고위험 관리,기후변화 고위험군,62.70742358078603,안정,-0.17454387031497542,110.46,428.5615303595852
서울,풋고추,동절기 (겨울),기후 민감형 고위험 관리,기후변화 고위험군,62.707423580786035,안정,-0.17454387031497542,110.46,428.56153035958516
서울,풋고추,고온다습기 (장마철),기후 민감형 고위험 관리,기후변화 고위험군,62.70742358078603,안정,-0.17454387031497542,110.46,428.5615303595852
서울,풋고추,전환기 (봄/가을),기후 민감형 고위험 관리,기후변화 고위험군,62.70742358078602,안정,-0.17454387031497542,110.46,428.5615303595852
서울,피망,고온건조기 (여름),사업 운영 중심 안정 관리,수익 극대화 타입 (출하 적기),81.8032786885246,안정,,98.49,428.5615303595852
서울,호박,고온건조기 (여름),사업 운영 중심 안정 관리,수익 극대화 타입 (출하 적기),81.5433403805497,안정,-0.3224946035327105,97.61,428.5615303595852
서울,호박,고온다습기 (장마철),사업 운영 중심 안정 관리,시장 관망 타입 (출하 조절),81.5433403805497,안정,-0.3224946035327105,97.61,428.5615303595852
서울,호박,전환기 (봄/가을),사업 운영 중심 안정 관리,시장 관망 타입 (출하 조절),81.5433403805497,안정,-0.3224946035327105,97.61,428.5615303595852
성남,감자,고온건조기 (여름),기후 민감형 고위험 관리,기후변화 고위험군,35.58943089430895,안정,-0.3354924393035041,64.36,405.92523354045636
성남,감자,동절기 (겨울),기후 민감형 고위험 관리,기후변화 고위험군,35.58943089430895,안정,-0.3354924393035041,64.36,405.92523354045636
성남,감자,고온다습기 (장마철),기후 민감형 고위험 관리,기후변화 고위험군,35.58943089430895,안정,-0.3354924393035041,64.36,405.9252335404563
성남,감자,전환기 (봄/가을),기후 민감형 고위험 관리,기후변화 고위험군,35.58943089430895,안정,-0.3354924393035041,64.36,405.92523354045636
성남,느타리버섯,고온건조기 (여름),기후 민감형 고위험 관리,기후변화 고위험군,44.48673009514271,안정,-0.2100491290659986,86.44,405.92523354045636
성남,느타리버섯,동절기 (겨울),기후 민감형 고위험 관리,기후변화 고위험군,44.48673009514271,안정,-0.2100491290659986,86.44,405.9252335404563
성남,느타리버섯,고온다습기 (장마철),기후 민감형 고위험 관리,기후변화 고위험군,44.48673009514271,안정,-0.2100491290659986,86.44,405.92523354045636
성남,느타리버섯,전환기 (봄/가을),기후 민감형 고위험 관리,기후변화 고위험군,44.48673009514271,안정,-0.2100491290659986,86.44,405.9252335404563
성남,딸기,동절기 (겨울),사업 운영 중심 안정 관리,고효율 집중 성장 타입,75.78378378378379,안정,0.16973447991117532,75.04,405.92523354045636
성남,딸기,전환기 (봄/가을),사업 운영 중심 안정 관리,고효율 집중 성장 타입,75.78378378378379,안정,0.16973447991117532,75.04,405.92523354045636
성남,땅콩,고온건조기 (여름),특이 패턴 (전문 진단 필요),특이 패턴형 (전문 컨설팅 필요),48.01886792452831,안정,0.7311598195847493,99.9,405.92523354045636
성남,땅콩,동절기 (겨울),특이 패턴 (전문 진단 필요),특이 패턴형 (전문 컨설팅 필요),48.01886792452831,안정,0.7311598195847493,99.9,405.92523354045636
성남,땅콩,전환기 (봄/가을),특이 패턴 (전문 진단 필요),특이 패턴형 (전문 컨설팅 필요),48.01886792452831,안정,0.7311598195847493,99.9,405.92523354045636
성남,미나리,고온건조기 (여름),특이 패턴 (전문 진단 필요),특이 패턴형 (전문 컨설팅 필요),47.95148247978437,안정,0.5189133727485802,100.0,405.92523354045636
성남,미나리,동절기 (겨울),특이 패턴 (전문 진단 필요),특이 패턴형 (전문 컨설팅 필요),47.951482479784374,안정,0.5189133727485802,100.0,405.9252335404564
성남,미나리,전환기 (봄/가을),특이 패턴 (전문 진단 필요),특이 패턴형 (전문 컨설팅 필요),47.95148247978437,안정,0.5189133727485802,100.0,405.92523354045636
성남,상추,고온건조기 (여름),기후 민감형 고위험 관리,기후변화 고위험군,43.5483870967742,안정,-0.11482763750046096,99.95,405.9252335404563
성남,상추,동절기 (겨울),기후 민감형 고위험 관리,기후변화 고위험군,43.5483870967742,안정,-0.11482763750046096,99.95,405.92523354045636
성남,상추,전환기 (봄/가을),기후 민감형 고위험 관리,기후변화 고위험군,43.5483870967742,안정,-0.11482763750046095,99.95,405.92523354045636
성남,새송이버섯,고온건조기 (여름),기후 민감형 고위험 관리,기후변화 고위험군,36.44927536231884,안정,-0.3322343130318287,103.73,405.92523354045636
성남,새송이버섯,동절기 (겨울),기후 민감형 고위험 관리,기후변화 고위험군,36.44927536231884,안정,-0.3322343130318287,103.73,405.92523354045636
성남,새송이버섯,고온다습기 (장마철),기후 민감형 고위험 관리,기후변화 고위험군,36.44927536231884,안정,-0.3322343130318287,103.72999999999999,405.92523354045636
성남,새송이버섯,전환기 (봄/가을),기후 민감형 고위험 관리,기후변화 고위험군,36.44927536231884,안정,-0.3322343130318287,103.73,405.92523354045636
성남,시금치,고온건조기 (여름),기후 민감형 고위험 관리,기후변화 고위험군,40.714285714285715,안정,-0.28930855746260203,100.0,405.92523354045636
성남,시금치,동절기 (겨울),기후 민감형 고위험 관리,기후변화 고위험군,40.714285714285715,안정,-0.28930855746260203,100.0,405.92523354045636
성남,시금치,전환기 (봄/가을),기후 민감형 고위험 관리,기후변화 고위험군,40.714285714285715,안정,-0.28930855746260203,100.0,405.92523354045636
성남,열무,고온건조기 (여름),사업 운영 중심 안정 관리,수익 극대화 타입 (출하 적기),83.84615384615385,데이터 부족,-0.1736904948764677,107.37,405.92523354045636
성남,파프리카,고온건조기 (여름),사업 운영 중심 안정 관리,다각화 안정 추구 타입,81.45299145299145,안정,0.0886467333337915,100.0,405.92523354045636
성남,파프리카,전환기 (봄/가을),사업 운영 중심 안정 관리,다각화 안정 추구 타입,81.45299145299145,안정,0.0886467333337915,100.0,405.9252335404563
성남,팽이버섯,고온건조기 (여름),기후 민감형 고위험 관리,기후변화 고위험군,35.21360069747166,안정,-0.34599044534337065,97.09,405.92523354045636
성남,팽이버섯,동절기 (겨울),기후 민감형 고위험 관리,기후변화 고위험군,35.21360069747166,안정,-0.34599044534337065,97.09,405.9252335404564
성남,팽이버섯,고온다습기 (장마철),기후 민감형 고위험 관리,기후변화 고위험군,35.21360069747166,안정,-0.34599044534337065,97.09,405.92523354045636
성남,팽이버섯,전환기 (봄/가을),기후 민감형 고위험 관리,기후변화 고위험군,35.21360069747166,안정,-0.34599044534337065,97.09,405.9252335404563
성남,풋고추,고온건조기 (여름),기후 민감형 고위험 관리,기후변화 고위험군,66.34551495016612,안정,0.14873413278236722,101.17,405.92523354045636
성남,풋고추,동절기 (겨울),기후 민감형 고위험 관리,기후변화 고위험군,66.34551495016612,안정,0.14873413278236722,101.17,405.92523354045636
성남,풋고추,전환기 (봄/가을),기후 민감형 고위험 관리,기후변화 고위험군,66.34551495016612,안정,0.14873413278236722,101.17,405.92523354045636
성남,피망,고온건조기 (여름),사업 운영 중심 안정 관리,수익 극대화 타입 (출하 적기),84.7560975609756,안정,,84.51,405.92523354045636
성남,피망,전환기 (봄/가을),사업 운영 중심 안정 관리,수익 극대화 타입 (출하 적기),84.7560975609756,안정,,84.51,405.92523354045636
성남,호박,고온건조기 (여름),사업 운영 중심 안정 관리,시장 관망 타입 (출하 조절),80.08620689655173,안정,-0.28274657274873827,101.24,405.92523354045636
성남,호박,전환기 (봄/가을),사업 운영 중심 안정 관리,시장 관망 타입 (출하 조절),80.08620689655173,안정,-0.28274657274873827,101.23999999999998,405.9252335404564
세종,감자,고온건조기 (여름),기후 민감형 고위험 관리,기후변화 고위험군,37.218664226898454,안정,-0.6546274155380664,54.45,344.76393068037646
세종,감자,동절기 (겨울),기후 민감형 고위험 관리,기후변화 고위험군,37.218664226898454,안정,-0.6546274155380664,54.45,344.7639306803765
세종,감자,전환기 (봄/가을),기후 민감형 고위험 관리,기후변화 고위험군,37.218664226898454,안정,-0.6546274155380664,54.45,344.7639306803765
세종,느타리버섯,고온건조기 (여름),기후 민감형 고위험 관리,기후변화 고위험군,44.47679708826205,안정,-0.31820029874439815,93.7,344.7639306803765
세종,느타리버섯,동절기 (겨울),기후 민감형 고위험 관리,기후변화 고위험군,44.47679708826205,안정,-0.31820029874439815,93.7,344.7639306803765
세종,느타리버섯,전환기 (봄/가을),기후 민감형 고위험 관리,기후변화 고위험군,44.47679708826205,안정,-0.31820029874439815,93.7,344.7639306803765
세종,땅콩,고온건조기 (여름),특이 패턴 (전문 진단 필요),특이 패턴형 (전문 컨설팅 필요),47.1280276816609,안정,0.588422395834681,99.9,344.7639306803765
세종,땅콩,동절기 (겨울),특이 패턴 (전문 진단 필요),특이 패턴형 (전문 컨설팅 필요),47.1280276816609,안정,0.588422395834681,99.89999999999999,344.7639306803765
세종,땅콩,전환기 (봄/가을),특이 패턴 (전문 진단 필요),특이 패턴형 (전문 컨설팅 필요),47.1280276816609,안정,0.588422395834681,99.9,344.7639306803765
세종,미나리,고온건조기 (여름),특이 패턴 (전문 진단 필요),특이 패턴형 (전문 컨설팅 필요),54.049586776859506,안정,0.675133935205492,98.98,344.7639306803765
세종,미나리,전환기 (봄/가을),특이 패턴 (전문 진단 필요),특이 패턴형 (전문 컨설팅 필요),54.049586776859506,안정,0.675133935205492,98.98,344.7639306803765
세종,상추,고온건조기 (여름),기후 민감형 고위험 관리,기후변화 고위험군,43.36601307189543,안정,-0.14823074488884772,100.0,344.7639306803765
세종,상추,동절기 (겨울),기후 민감형 고위험 관리,기후변화 고위험군,43.36601307189542,안정,-0.14823074488884772,100.0,344.7639306803765
세종,상추,전환기 (봄/가을),기후 민감형 고위험 관리,기후변화 고위험군,43.36601307189543,안정,-0.14823074488884772,100.0,344.7639306803765
세종,새송이버섯,고온건조기 (여름),기후 민감형 고위험 관리,기후변화 고위험군,37.13725490196078,안정,-0.3524103628166945,94.27999999999999,344.7639306803765
세종,새송이버섯,동절기 (겨울),기후 민감형 고위험 관리,기후변화 고위험군,37.13725490196078,안정,-0.3524103628166945,94.28,344.7639306803765
세종,새송이버섯,전환기 (봄/가을),기후 민감형 고위험 관리,기후변화 고위험군,37.13725490196078,안정,-0.3524103628166945,94.28,344.7639306803765
세종,시금치,고온건조기 (여름),기후 민감형 고위험 관리,기후변화 고위험군,43.113673805601316,안정,-0.09560603355031554,100.0,344.7639306803765
세종,시금치,동절기 (겨울),기후 민감형 고위험 관리,기후변화 고위험군,43.113673805601316,안정,-0.09560603355031555,100.0,344.7639306803765
세종,시금치,전환기 (봄/가을),기후 민감형 고위험 관리,기후변화 고위험군,43.113673805601316,안정,-0.09560603355031555,100.0,344.7639306803765
세종,파프리카,고온건조기 (여름),사업 운영 중심 안정 관리,고효율 집중 성장 타입,75.51401869158879,안정,,100.0,344.7639306803765
세종,파프리카,전환기 (봄/가을),사업 운영 중심 안정 관리,고효율 집중 성장 타입,75.51401869158879,안정,,100.0,344.7639306803765
세종,팽이버섯,고온건조기 (여름),특이 패턴 (전문 진단 필요),특이 패턴형 (전문 컨설팅 필요),35.36363636363637,안정,-0.48133545310395276,96.8,344.7639306803765
세종,팽이버섯,동절기 (겨울),특이 패턴 (전문 진단 필요),특이 패턴형 (전문 컨설팅 필요),35.36363636363637,안정,-0.48133545310395276,96.8,344.7639306803765
세종,팽이버섯,전환기 (봄/가을),특이 패턴 (전문 진단 필요),특이 패턴형 (전문 컨설팅 필요),35.36363636363637,안정,-0.4813354531039527,96.8,344.7639306803765
세종,풋고추,고온건조기 (여름),기후 민감형 고위험 관리,기후변화 고위험군,57.5886524822695,안정,0.16456993377680992,102.2,344.7639306803765
세종,풋고추,전환기 (봄/가을),기후 민감형 고위험 관리,기후변화 고위험군,57.58865248226951,안정,0.16456993377680992,102.2,344.7639306803765
세종,피망,고온건조기 (여름),사업 운영 중심 안정 관리,수익 극대화 타입 (출하 적기),97.4766355140187,안정,0.4126711911368967,99.6,344.7639306803765
세종,호박,고온건조기 (여름),사업 운영 중심 안정 관리,시장 관망 타입 (출하 조절),75.95238095238095,안정,-0.08380295970385321,100.0,344.7639306803765
세종,호박,전환기 (봄/가을),사업 운영 중심 안정 관리,시장 관망 타입 (출하 조절),75.95238095238095,안정,-0.08380295970385321,100.0,344.7639306803765
수원,감자,고온건조기 (여름),기후 민감형 고위험 관리,기후변화 고위험군,37.2573316811235,안정,-0.245652300950931,53.06,354.7981601511013
수원,감자,동절기 (겨울),기후 민감형 고위험 관리,기후변화 고위험군,37.2573316811235,안정,-0.245652300950931,53.06,354.7981601511013
수원,감자,고온다습기 (장마철),기후 민감형 고위험 관리,기후변화 고위험군,37.2573316811235,안정,-0.245652300950931,53.06,354.79816015110123
수원,감자,전환기 (봄/가을),기후 민감형 고위험 관리,기후변화 고위험군,37.2573316811235,안정,-0.245652300950931,53.06,354.7981601511013
수원,느타리버섯,고온건조기 (여름),기후 민감형 고위험 관리,기후변화 고위험군,44.33131535498074,안정,-0.12038182391979069,83.28,354.7981601511013
수원,느타리버섯,동절기 (겨울),기후 민감형 고위험 관리,기후변화 고위험군,44.33131535498074,안정,-0.1203818239197907,83.28,354.7981601511013
수원,느타리버섯,고온다습기 (장마철),기후 민감형 고위험 관리,기후변화 고위험군,44.33131535498074,안정,-0.12038182391979069,83.28,354.7981601511013
수원,느타리버섯,전환기 (봄/가을),기후 민감형 고위험 관리,기후변화 고위험군,44.33131535498074,안정,-0.12038182391979069,83.28,354.7981601511013
수원,딸기,고온건조기 (여름),사업 운영 중심 안정 관리,수익 극대화 타입 (출하 적기),89.23076923076923,안정,-0.4055113356680341,90.48,354.79816015110134
수원,딸기,동절기 (겨울),사업 운영 중심 안정 관리,고효율 집중 성장 타입,89.23076923076923,안정,-0.40551133566803405,90.48,354.7981601511013
수원,딸기,전환기 (봄/가을),사업 운영 중심 안정 관리,고효율 집중 성장 타입,89.23076923076923,안정,-0.4055113356680341,90.48,354.7981601511013
수원,땅콩,고온건조기 (여름),특이 패턴 (전문 진단 필요),특이 패턴형 (전문 컨설팅 필요),48.482328482328484,안정,0.5020589104665738,97.71,354.7981601511013
수원,땅콩,동절기 (겨울),특이 패턴 (전문 진단 필요),특이 패턴형 (전문 컨설팅 필요),48.482328482328484,안정,0.5020589104665738,97.71,354.7981601511013
수원,땅콩,전환기 (봄/가을),특이 패턴 (전문 진단 필요),특이 패턴형 (전문 컨설팅 필요),48.482328482328484,안정,0.5020589104665738,97.71,354.7981601511013
수원,미나리,고온건조기 (여름),기후 민감형 고위험 관리,기후변화 고위험군,58.723404255319146,안정,-0.010506659803713209,98.98,354.7981601511013
수원,미나리,동절기 (겨울),기후 민감형 고위험 관리,기후변화 고위험군,58.723404255319146,안정,-0.010506659803713209,98.98,354.7981601511013
수원,미나리,전환기 (봄/가을),기후 민감형 고위험 관리,기후변화 고위험군,58.723404255319146,안정,-0.010506659803713209,98.98,354.7981601511013
수원,상추,고온건조기 (여름),기후 민감형 고위험 관리,기후변화 고위험군,45.00000000000001,안정,-0.1932965345056694,101.01,354.7981601511013
수원,상추,동절기 (겨울),기후 민감형 고위험 관리,기후변화 고위험군,45.00000000000001,안정,-0.1932965345056694,101.01,354.7981601511013
수원,상추,전환기 (봄/가을),기후 민감형 고위험 관리,기후변화 고위험군,45.00000000000001,안정,-0.1932965345056694,101.01,354.7981601511013
수원,새송이버섯,고온건조기 (여름),특이 패턴 (전문 진단 필요),특이 패턴형 (전문 컨설팅 필요),35.48361310951239,안정,-0.6614331309045453,88.58,354.7981601511013
수원,새송이버섯,동절기 (겨울),특이 패턴 (전문 진단 필요),특이 패턴형 (전문 컨설팅 필요),35.48361310951239,안정,-0.6614331309045453,88.58,354.7981601511013
수원,새송이버섯,전환기 (봄/가을),특이 패턴 (전문 진단 필요),특이 패턴형 (전문 컨설팅 필요),35.48361310951239,안정,-0.6614331309045453,88.58,354.7981601511013
수원,시금치,고온건조기 (여름),기후 민감형 고위험 관리,기후변화 고위험군,41.81502890173411,안정,-0.3828620601384114,100.0,354.7981601511013
수원,시금치,동절기 (겨울),기후 민감형 고위험 관리,기후변화 고위험군,41.81502890173411,안정,-0.3828620601384114,100.0,354.7981601511013
수원,시금치,전환기 (봄/가을),기후 민감형 고위험 관리,기후변화 고위험군,41.81502890173411,안정,-0.3828620601384114,100.0,354.7981601511013
수원,파프리카,고온건조기 (여름),사업 운영 중심 안정 관리,다각화 안정 추구 타입,90.33333333333333,안정,0.17468406579361645,100.37,354.7981601511013
수원,파프리카,전환기 (봄/가을),사업 운영 중심 안정 관리,다각화 안정 추구 타입,90.33333333333333,안정,0.17468406579361645,100.37000000000002,354.7981601511013
수원,팽이버섯,고온건조기 (여름),기후 민감형 고위험 관리,기후변화 고위험군,37.05932203389831,안정,-0.2830985615011546,97.23,354.7981601511013
수원,팽이버섯,동절기 (겨울),기후 민감형 고위험 관리,기후변화 고위험군,37.05932203389831,안정,-0.2830985615011546,97.23,354.7981601511013
수원,팽이버섯,전환기 (봄/가을),기후 민감형 고위험 관리,기후변화 고위험군,37.05932203389831,안정,-0.2830985615011546,97.23,354.7981601511013
수원,풋고추,고온건조기 (여름),기후 민감형 고위험 관리,기후변화 고위험군,61.09907120743034,안정,-0.2503082158131191,111.01,354.7981601511013
수원,풋고추,동절기 (겨울),기후 민감형 고위험 관리,기후변화 고위험군,61.09907120743034,안정,-0.2503082158131191,111.01000000000002,354.7981601511013
수원,풋고추,고온다습기 (장마철),기후 민감형 고위험 관리,기후변화 고위험군,61.09907120743034,안정,-0.2503082158131191,111.01000000000002,354.79816015110134
수원,풋고추,전환기 (봄/가을),기후 민감형 고위험 관리,기후변화 고위험군,61.09907120743034,안정,-0.2503082158131191,111.00999999999999,354.7981601511013
수원,피망,고온건조기 (여름),특이 패턴 (전문 진단 필요),특이 패턴형 (전문 컨설팅 필요),83.07189542483661,주의,-0.08250019605231008,71.34,354.7981601511013
수원,피망,동절기 (겨울),특이 패턴 (전문 진단 필요),특이 패턴형 (전문 컨설팅 필요),83.07189542483661,주의,-0.08250019605231008,71.34,354.7981601511013
수원,피망,전환기 (봄/가을),특이 패턴 (전문 진단 필요),특이 패턴형 (전문 컨설팅 필요),83.07189542483661,주의,-0.0825001960523101,71.34,354.7981601511013
수원,호박,고온건조기 (여름),사업 운영 중심 안정 관리,시장 관망 타입 (출하 조절),92.16216216216216,안정,-0.19937387065425463,93.43,354.7981601511013
수원,호박,전환기 (봄/가을),사업 운영 중심 안정 관리,다각화 안정 추구 타입,92.16216216216216,안정,-0.19937387065425463,93.43,354.7981601511013
순천,감자,고온건조기 (여름),기후 민감형 고위험 관리,기후변화 고위험군,39.20966420966422,안정,-0.24588003518418586,46.74,355.85386167871025
순천,감자,동절기 (겨울),기후 민감형 고위험 관리,기후변화 고위험군,39.20966420966422,안정,-0.24588003518418586,46.74,355.85386167871025
순천,감자,고온다습기 (장마철),기후 민감형 고위험 관리,기후변화 고위험군,39.20966420966422,안정,-0.24588003518418583,46.74,355.85386167871025
순천,감자,전환기 (봄/가을),기후 민감형 고위험 관리,기후변화 고위험군,39.20966420966422,안정,-0.24588003518418586,46.74,355.85386167871025
순천,느타리버섯,고온건조기 (여름),기후 민감형 고위험 관리,기후변화 고위험군,46.020968547179244,안정,-0.2704143051595717,77.59,355.85386167871025
순천,느타리버섯,동절기 (겨울),기후 민감형 고위험 관리,기후변화 고위험군,46.020968547179244,안정,-0.2704143051595717,77.59,355.85386167871025
순천,느타리버섯,고온다습기 (장마철),기후 민감형 고위험 관리,기후변화 고위험군,46.020968547179244,안정,-0.2704143051595717,77.59000000000002,355.85386167871025
순천,느타리버섯,전환기 (봄/가을),기후 민감형 고위험 관리,기후변화 고위험군,46.020968547179244,안정,-0.2704143051595717,77.59,355.85386167871025
순천,딸기,고온건조기 (여름),사업 운영 중심 안정 관리,고효율 집중 성장 타입,93.64864864864865,안정,-0.19338877086700323,102.25,355.85386167871025
순천,딸기,동절기 (겨울),사업 운영 중심 안정 관리,고효율 집중 성장 타입,93.64864864864865,안정,-0.19338877086700323,102.25,355.85386167871025
순천,딸기,전환기 (봄/가을),사업 운영 중심 안정 관리,고효율 집중 성장 타입,93.64864864864865,안정,-0.1933887708670032,102.25,355.85386167871025
순천,땅콩,고온건조기 (여름),특이 패턴 (전문 진단 필요),특이 패턴형 (전문 컨설팅 필요),45.50200803212853,안정,0.5456003578323734,102.63,355.85386167871025
순천,땅콩,동절기 (겨울),특이 패턴 (전문 진단 필요),특이 패턴형 (전문 컨설팅 필요),45.50200803212853,안정,0.5456003578323734,102.63,355.85386167871025
순천,땅콩,전환기 (봄/가을),특이 패턴 (전문 진단 필요),특이 패턴형 (전문 컨설팅 필요),45.50200803212853,안정,0.5456003578323734,102.63,355.85386167871025
순천,미나리,고온건조기 (여름),특이 패턴 (전문 진단 필요),특이 패턴형 (전문 컨설팅 필요),55.78512396694216,안정,0.696922058617481,98.98,355.85386167871025
순천,미나리,전환기 (봄/가을),특이 패턴 (전문 진단 필요),특이 패턴형 (전문 컨설팅 필요),55.78512396694215,안정,0.6969220586174811,98.97999999999999,355.85386167871025
순천,상추,고온건조기 (여름),기후 민감형 고위험 관리,기후변화 고위험군,46.37532133676093,안정,-0.10693733179343372,101.34,355.85386167871025
순천,상추,동절기 (겨울),기후 민감형 고위험 관리,기후변화 고위험군,46.37532133676093,안정,-0.10693733179343372,101.34,355.85386167871025
순천,상추,고온다습기 (장마철),기후 민감형 고위험 관리,기후변화 고위험군,46.37532133676093,안정,-0.10693733179343372,101.34,355.85386167871025
순천,상추,전환기 (봄/가을),기후 민감형 고위험 관리,기후변화 고위험군,46.37532133676093,안정,-0.10693733179343373,101.34,355.85386167871025
순천,새송이버섯,고온건조기 (여름),기후 민감형 고위험 관리,기후변화 고위험군,37.96821305841925,안정,-0.3277370409708034,77.83,355.85386167871025
순천,새송이버섯,동절기 (겨울),기후 민감형 고위험 관리,기후변화 고위험군,37.96821305841925,안정,-0.3277370409708034,77.83,355.85386167871025
순천,새송이버섯,고온다습기 (장마철),기후 민감형 고위험 관리,기후변화 고위험군,37.96821305841926,안정,-0.3277370409708034,77.83,355.8538616787103
순천,새송이버섯,전환기 (봄/가을),기후 민감형 고위험 관리,기후변화 고위험군,37.96821305841925,안정,-0.3277370409708034,77.83,355.85386167871025
순천,시금치,고온건조기 (여름),기후 민감형 고위험 관리,기후변화 고위험군,44.95662949194548,안정,-0.31072221722964505,99.81,355.85386167871025
순천,시금치,동절기 (겨울),기후 민감형 고위험 관리,기후변화 고위험군,44.95662949194548,안정,-0.31072221722964505,99.81,355.85386167871025
순천,시금치,전환기 (봄/가을),기후 민감형 고위험 관리,기후변화 고위험군,44.95662949194548,안정,-0.31072221722964505,99.81,355.85386167871025
순천,파프리카,고온건조기 (여름),사업 운영 중심 안정 관리,다각화 안정 추구 타입,92.55813953488372,안정,0.1675027946691522,100.37,355.85386167871025
순천,파프리카,전환기 (봄/가을),사업 운영 중심 안정 관리,다각화 안정 추구 타입,92.55813953488372,안정,0.16750279466915216,100.37,355.85386167871025
순천,팽이버섯,고온건조기 (여름),특이 패턴 (전문 진단 필요),특이 패턴형 (전문 컨설팅 필요),36.00515463917526,안정,-0.49860304516605164,89.64,355.85386167871025
순천,팽이버섯,동절기 (겨울),특이 패턴 (전문 진단 필요),특이 패턴형 (전문 컨설팅 필요),36.00515463917526,안정,-0.4986030451660516,89.64,355.85386167871025
순천,팽이버섯,전환기 (봄/가을),특이 패턴 (전문 진단 필요),특이 패턴형 (전문 컨설팅 필요),36.00515463917526,안정,-0.4986030451660516,89.64,355.8538616787103
순천,풋고추,고온건조기 (여름),기후 민감형 고위험 관리,기후변화 고위험군,50.155440414507765,안정,0.08807523595054102,102.2,355.85386167871025
순천,풋고추,전환기 (봄/가을),기후 민감형 고위험 관리,기후변화 고위험군,50.155440414507765,안정,0.08807523595054102,102.2,355.85386167871025
순천,피망,고온건조기 (여름),사업 운영 중심 안정 관리,시장 관망 타입 (출하 조절),87.26804123711341,안정,-0.08838539432310456,89.6,355.85386167871025
순천,피망,전환기 (봄/가을),사업 운영 중심 안정 관리,시장 관망 타입 (출하 조절),87.26804123711341,안정,-0.08838539432310456,89.6,355.85386167871025
순천,호박,고온건조기 (여름),사업 운영 중심 안정 관리,고효율 집중 성장 타입,82.37903225806451,안정,-0.20389047606800942,97.53,355.85386167871025
순천,호박,전환기 (봄/가을),사업 운영 중심 안정 관리,고효율 집중 성장 타입,82.37903225806451,안정,-0.2038904760680094,97.53,355.85386167871025
안동,감자,고온건조기 (여름),기후 민감형 고위험 관리,기후변화 고위험군,38.46449136276392,안정,-0.6592108537567095,54.14,262.9556636027171
안동,감자,동절기 (겨울),기후 민감형 고위험 관리,기후변화 고위험군,38.46449136276392,안정,-0.6592108537567095,54.14000000000001,262.9556636027171
안동,감자,전환기 (봄/가을),기후 민감형 고위험 관리,기후변화 고위험군,38.46449136276392,안정,-0.6592108537567095,54.14,262.9556636027171
안동,느타리버섯,고온건조기 (여름),특이 패턴 (전문 진단 필요),특이 패턴형 (전문 컨설팅 필요),43.6986301369863,안정,-0.3587772411073725,92.76,262.9556636027171
안동,느타리버섯,동절기 (겨울),특이 패턴 (전문 진단 필요),특이 패턴형 (전문 컨설팅 필요),43.6986301369863,안정,-0.3587772411073725,92.76,262.9556636027171
안동,느타리버섯,전환기 (봄/가을),특이 패턴 (전문 진단 필요),특이 패턴형 (전문 컨설팅 필요),43.6986301369863,안정,-0.3587772411073725,92.76,262.9556636027171
안동,딸기,고온건조기 (여름),사업 운영 중심 안정 관리,고효율 집중 성장 타입,92.5531914893617,안정,-0.26768810839038043,82.27,262.9556636027171
안동,딸기,동절기 (겨울),사업 운영 중심 안정 관리,고효율 집중 성장 타입,92.5531914893617,안정,-0.26768810839038043,82.27,262.9556636027171
안동,딸기,전환기 (봄/가을),사업 운영 중심 안정 관리,고효율 집중 성장 타입,92.5531914893617,안정,-0.26768810839038043,82.27,262.9556636027171
안동,땅콩,고온건조기 (여름),특이 패턴 (전문 진단 필요),특이 패턴형 (전문 컨설팅 필요),49.2013888888889,안정,0.5663597768737694,99.89,262.9556636027171
안동,땅콩,동절기 (겨울),특이 패턴 (전문 진단 필요),특이 패턴형 (전문 컨설팅 필요),49.2013888888889,안정,0.5663597768737694,99.89,262.9556636027171
안동,땅콩,전환기 (봄/가을),특이 패턴 (전문 진단 필요),특이 패턴형 (전문 컨설팅 필요),49.2013888888889,안정,0.5663597768737694,99.89,262.9556636027171
안동,미나리,고온건조기 (여름),특이 패턴 (전문 진단 필요),특이 패턴형 (전문 컨설팅 필요),56.03305785123966,안정,0.6904350568618565,98.98,262.9556636027171
안동,미나리,전환기 (봄/가을),특이 패턴 (전문 진단 필요),특이 패턴형 (전문 컨설팅 필요),56.03305785123966,안정,0.6904350568618564,98.98,262.9556636027171
안동,상추,고온건조기 (여름),특이 패턴 (전문 진단 필요),특이 패턴형 (전문 컨설팅 필요),44.18451400329489,안정,-0.15919960083943296,100.0,262.9556636027171
안동,상추,동절기 (겨울),특이 패턴 (전문 진단 필요),특이 패턴형 (전문 컨설팅 필요),44.18451400329489,안정,-0.15919960083943296,100.0,262.9556636027171
안동,상추,전환기 (봄/가을),특이 패턴 (전문 진단 필요),특이 패턴형 (전문 컨설팅 필요),44.18451400329489,안정,-0.15919960083943296,100.0,262.9556636027171
안동,새송이버섯,고온건조기 (여름),특이 패턴 (전문 진단 필요),특이 패턴형 (전문 컨설팅 필요),38.663366336633665,안정,-0.3431316906401933,94.28,262.9556636027171
안동,새송이버섯,동절기 (겨울),특이 패턴 (전문 진단 필요),특이 패턴형 (전문 컨설팅 필요),38.663366336633665,안정,-0.3431316906401933,94.28,262.9556636027171
안동,새송이버섯,전환기 (봄/가을),특이 패턴 (전문 진단 필요),특이 패턴형 (전문 컨설팅 필요),38.663366336633665,안정,-0.3431316906401933,94.28,262.9556636027171
안동,시금치,고온건조기 (여름),특이 패턴 (전문 진단 필요),특이 패턴형 (전문 컨설팅 필요),45.12968299711816,안정,-0.19085683707589599,100.0,262.9556636027171
안동,시금치,동절기 (겨울),특이 패턴 (전문 진단 필요),특이 패턴형 (전문 컨설팅 필요),45.12968299711816,안정,-0.19085683707589599,100.0,262.9556636027171
안동,시금치,전환기 (봄/가을),특이 패턴 (전문 진단 필요),특이 패턴형 (전문 컨설팅 필요),45.12968299711816,안정,-0.19085683707589599,100.0,262.9556636027171
안동,파프리카,고온건조기 (여름),사업 운영 중심 안정 관리,다각화 안정 추구 타입,73.57142857142858,안정,,100.0,262.9556636027171
안동,팽이버섯,고온건조기 (여름),특이 패턴 (전문 진단 필요),특이 패턴형 (전문 컨설팅 필요),35.267958950969216,안정,-0.4831914774454516,96.8,262.9556636027171
안동,팽이버섯,동절기 (겨울),특이 패턴 (전문 진단 필요),특이 패턴형 (전문 컨설팅 필요),35.267958950969216,안정,-0.48319147744545154,96.8,262.9556636027171
안동,팽이버섯,전환기 (봄/가을),특이 패턴 (전문 진단 필요),특이 패턴형 (전문 컨설팅 필요),35.267958950969216,안정,-0.48319147744545154,96.8,262.9556636027171
안동,풋고추,고온건조기 (여름),특이 패턴 (전문 진단 필요),특이 패턴형 (전문 컨설팅 필요),60.78014184397163,안정,0.1441726380915034,102.2,262.9556636027171
안동,풋고추,전환기 (봄/가을),특이 패턴 (전문 진단 필요),특이 패턴형 (전문 컨설팅 필요),60.78014184397163,안정,0.1441726380915034,102.19999999999999,262.9556636027171
안동,피망,고온건조기 (여름),사업 운영 중심 안정 관리,시장 관망 타입 (출하 조절),94.11214953271028,안정,0.3979341014155504,99.6,262.9556636027171
안동,호박,고온건조기 (여름),사업 운영 중심 안정 관리,고효율 집중 성장 타입,76.29032258064517,안정,-0.09117041091697574,100.0,262.9556636027171
안동,호박,전환기 (봄/가을),사업 운영 중심 안정 관리,고효율 집중 성장 타입,76.29032258064517,안정,-0.09117041091697574,100.0,262.9556636027171
용인,감자,고온건조기 (여름),기후 민감형 고위험 관리,기후변화 고위험군,37.086914995224454,안정,-0.6343817149213447,55.14999999999999,169.81103758783001
용인,감자,동절기 (겨울),기후 민감형 고위험 관리,기후변화 고위험군,37.086914995224454,안정,-0.6343817149213447,55.15,169.81103758783001
용인,감자,전환기 (봄/가을),기후 민감형 고위험 관리,기후변화 고위험군,37.086914995224454,안정,-0.6343817149213447,55.15,169.81103758783001
용인,느타리버섯,고온건조기 (여름),특이 패턴 (전문 진단 필요),특이 패턴형 (전문 컨설팅 필요),44.00000000000001,안정,-0.36195459145096476,92.76,169.81103758783001
용인,느타리버섯,동절기 (겨울),특이 패턴 (전문 진단 필요),특이 패턴형 (전문 컨설팅 필요),44.00000000000001,안정,-0.36195459145096476,92.76,169.81103758783001
용인,느타리버섯,전환기 (봄/가을),특이 패턴 (전문 진단 필요),특이 패턴형 (전문 컨설팅 필요),44.00000000000001,안정,-0.3619545914509648,92.76,169.81103758783001
용인,땅콩,고온건조기 (여름),특이 패턴 (전문 진단 필요),특이 패턴형 (전문 컨설팅 필요),47.93594306049822,안정,0.6105833089141428,99.9,169.81103758783001
용인,땅콩,동절기 (겨울),특이 패턴 (전문 진단 필요),특이 패턴형 (전문 컨설팅 필요),47.93594306049822,안정,0.6105833089141428,99.9,169.81103758783001
용인,땅콩,전환기 (봄/가을),특이 패턴 (전문 진단 필요),특이 패턴형 (전문 컨설팅 필요),47.93594306049822,안정,0.6105833089141428,99.9,169.81103758783001
용인,미나리,고온건조기 (여름),특이 패턴 (전문 진단 필요),특이 패턴형 (전문 컨설팅 필요),53.1404958677686,안정,0.7346918760535067,98.98,169.81103758783001
용인,미나리,전환기 (봄/가을),특이 패턴 (전문 진단 필요),특이 패턴형 (전문 컨설팅 필요),53.14049586776859,안정,0.7346918760535067,98.98,169.81103758783001
용인,상추,고온건조기 (여름),특이 패턴 (전문 진단 필요),특이 패턴형 (전문 컨설팅 필요),46.61016949152543,안정,0.13190079579421257,97.13999999999999,169.81103758783001
용인,상추,동절기 (겨울),특이 패턴 (전문 진단 필요),특이 패턴형 (전문 컨설팅 필요),46.61016949152543,안정,0.13190079579421257,97.14,169.81103758783001
용인,상추,전환기 (봄/가을),특이 패턴 (전문 진단 필요),특이 패턴형 (전문 컨설팅 필요),46.61016949152543,안정,0.13190079579421257,97.14,169.81103758783001
용인,새송이버섯,고온건조기 (여름),특이 패턴 (전문 진단 필요),특이 패턴형 (전문 컨설팅 필요),35.244755244755254,안정,-0.35682119829461045,94.28,169.81103758783001
용인,새송이버섯,동절기 (겨울),특이 패턴 (전문 진단 필요),특이 패턴형 (전문 컨설팅 필요),35.244755244755254,안정,-0.35682119829461045,94.28,169.81103758783001
용인,새송이버섯,전환기 (봄/가을),특이 패턴 (전문 진단 필요),특이 패턴형 (전문 컨설팅 필요),35.244755244755254,안정,-0.35682119829461045,94.28,169.81103758783001
용인,시금치,고온건조기 (여름),특이 패턴 (전문 진단 필요),특이 패턴형 (전문 컨설팅 필요),43.493975903614455,안정,-0.011758472136855817,100.0,169.81103758783001
용인,시금치,동절기 (겨울),특이 패턴 (전문 진단 필요),특이 패턴형 (전문 컨설팅 필요),43.493975903614455,안정,-0.011758472136855817,100.0,169.81103758783001
용인,시금치,전환기 (봄/가을),특이 패턴 (전문 진단 필요),특이 패턴형 (전문 컨설팅 필요),43.493975903614455,안정,-0.011758472136855817,100.0,169.81103758783001
용인,파프리카,고온건조기 (여름),특이 패턴 (전문 진단 필요),특이 패턴형 (전문 컨설팅 필요),77.00729927007299,안정,0.2200527093428803,100.0,169.81103758783001
용인,파프리카,전환기 (봄/가을),특이 패턴 (전문 진단 필요),특이 패턴형 (전문 컨설팅 필요),77.00729927007299,안정,0.22005270934288032,100.0,169.81103758783001
용인,팽이버섯,고온건조기 (여름),특이 패턴 (전문 진단 필요),특이 패턴형 (전문 컨설팅 필요),36.920454545454554,안정,-0.49414010532773844,96.8,169.81103758783001
용인,팽이버섯,동절기 (겨울),특이 패턴 (전문 진단 필요),특이 패턴형 (전문 컨설팅 필요),36.920454545454554,안정,-0.4941401053277384,96.8,169.81103758783001
용인,팽이버섯,전환기 (봄/가을),특이 패턴 (전문 진단 필요),특이 패턴형 (전문 컨설팅 필요),36.920454545454554,안정,-0.4941401053277385,96.8,169.81103758783001
용인,풋고추,고온건조기 (여름),특이 패턴 (전문 진단 필요),특이 패턴형 (전문 컨설팅 필요),59.29078014184398,안정,0.13866885532970266,102.2,169.81103758783001
용인,풋고추,전환기 (봄/가을),특이 패턴 (전문 진단 필요),특이 패턴형 (전문 컨설팅 필요),59.29078014184399,안정,0.13866885532970266,102.2,169.81103758783001
용인,피망,고온건조기 (여름),사업 운영 중심 안정 관리,시장 관망 타입 (출하 조절),92.80373831775701,안정,0.44397019228219964,99.6,169.81103758783001
용인,피망,전환기 (봄/가을),사업 운영 중심 안정 관리,시장 관망 타입 (출하 조절),92.80373831775701,안정,0.44397019228219964,99.6,169.81103758783001
용인,호박,고온건조기 (여름),특이 패턴 (전문 진단 필요),특이 패턴형 (전문 컨설팅 필요),73.46774193548387,안정,-0.15430074292535736,100.0,169.81103758783001
용인,호박,전환기 (봄/가을),특이 패턴 (전문 진단 필요),특이 패턴형 (전문 컨설팅 필요),73.46774193548387,안정,-0.15430074292535736,100.0,169.81103758783001
울산,감자,고온건조기 (여름),기후 민감형 고위험 관리,기후변화 고위험군,41.498257839721255,안정,-0.3141306442224391,53.779999999999994,385.7404147690562
울산,감자,동절기 (겨울),기후 민감형 고위험 관리,기후변화 고위험군,41.498257839721255,안정,-0.3141306442224391,53.78,385.7404147690562
울산,감자,고온다습기 (장마철),기후 민감형 고위험 관리,기후변화 고위험군,41.498257839721255,안정,-0.3141306442224391,53.78,385.7404147690562
울산,감자,전환기 (봄/가을),기후 민감형 고위험 관리,기후변화 고위험군,41.498257839721255,안정,-0.3141306442224391,53.78,385.7404147690562
울산,느타리버섯,고온건조기 (여름),기후 민감형 고위험 관리,기후변화 고위험군,46.544161232957926,안정,-0.1517929689489319,84.95,385.7404147690562
울산,느타리버섯,동절기 (겨울),기후 민감형 고위험 관리,기후변화 고위험군,46.544161232957926,안정,-0.1517929689489319,84.95,385.7404147690562
울산,느타리버섯,고온다습기 (장마철),기후 민감형 고위험 관리,기후변화 고위험군,46.54416123295792,안정,-0.1517929689489319,84.95,385.7404147690562
울산,느타리버섯,전환기 (봄/가을),기후 민감형 고위험 관리,기후변화 고위험군,46.544161232957926,안정,-0.1517929689489319,84.95,385.7404147690562
울산,딸기,고온건조기 (여름),사업 운영 중심 안정 관리,고효율 집중 성장 타입,96.19565217391305,안정,-0.1306785972695163,83.4,385.7404147690562
울산,딸기,동절기 (겨울),사업 운영 중심 안정 관리,다각화 안정 추구 타입,96.19565217391305,안정,-0.1306785972695163,83.4,385.7404147690562
울산,딸기,전환기 (봄/가을),사업 운영 중심 안정 관리,다각화 안정 추구 타입,96.19565217391306,안정,-0.1306785972695163,83.4,385.7404147690562
울산,땅콩,고온건조기 (여름),특이 패턴 (전문 진단 필요),특이 패턴형 (전문 컨설팅 필요),44.29378531073447,안정,0.7076834286663368,99.9,385.7404147690562
울산,땅콩,동절기 (겨울),특이 패턴 (전문 진단 필요),특이 패턴형 (전문 컨설팅 필요),44.29378531073447,안정,0.7076834286663368,99.9,385.7404147690562
울산,땅콩,전환기 (봄/가을),특이 패턴 (전문 진단 필요),특이 패턴형 (전문 컨설팅 필요),44.29378531073447,안정,0.7076834286663368,99.9,385.7404147690562
울산,미나리,고온건조기 (여름),기후 민감형 고위험 관리,기후변화 고위험군,57.10344827586207,안정,0.36700445184222474,98.98,385.7404147690562
울산,미나리,전환기 (봄/가을),기후 민감형 고위험 관리,기후변화 고위험군,57.103448275862064,안정,0.36700445184222474,98.98,385.7404147690562
울산,상추,고온건조기 (여름),기후 민감형 고위험 관리,기후변화 고위험군,50.84350721420645,안정,-0.12565299150919962,97.82,385.7404147690562
울산,상추,동절기 (겨울),기후 민감형 고위험 관리,기후변화 고위험군,50.84350721420645,안정,-0.12565299150919962,97.82,385.7404147690562
울산,상추,전환기 (봄/가을),기후 민감형 고위험 관리,기후변화 고위험군,50.84350721420644,안정,-0.12565299150919962,97.82,385.7404147690562
울산,새송이버섯,고온건조기 (여름),특이 패턴 (전문 진단 필요),특이 패턴형 (전문 컨설팅 필요),37.290431837425906,안정,-0.4205805076541267,98.18,385.7404147690562
울산,새송이버섯,동절기 (겨울),특이 패턴 (전문 진단 필요),특이 패턴형 (전문 컨설팅 필요),37.290431837425906,안정,-0.4205805076541267,98.18,385.7404147690562
울산,새송이버섯,전환기 (봄/가을),특이 패턴 (전문 진단 필요),특이 패턴형 (전문 컨설팅 필요),37.290431837425906,안정,-0.4205805076541267,98.18,385.7404147690562
울산,시금치,고온건조기 (여름),기후 민감형 고위험 관리,기후변화 고위험군,47.01711491442544,안정,-0.33861684927242425,99.93,385.7404147690562
울산,시금치,동절기 (겨울),기후 민감형 고위험 관리,기후변화 고위험군,47.01711491442544,안정,-0.33861684927242425,99.93,385.7404147690562
울산,시금치,전환기 (봄/가을),기후 민감형 고위험 관리,기후변화 고위험군,47.01711491442544,안정,-0.33861684927242425,99.93,385.7404147690562
울산,파프리카,고온건조기 (여름),사업 운영 중심 안정 관리,수익 극대화 타입 (출하 적기),96.12903225806451,안정,0.11894640893133607,100.37,385.7404147690562
울산,팽이버섯,고온건조기 (여름),기후 민감형 고위험 관리,기후변화 고위험군,37.110266159695826,안정,-0.16157070589754122,98.85,385.7404147690562
울산,팽이버섯,동절기 (겨울),기후 민감형 고위험 관리,기후변화 고위험군,37.110266159695826,안정,-0.16157070589754122,98.85,385.7404147690562
울산,팽이버섯,전환기 (봄/가을),기후 민감형 고위험 관리,기후변화 고위험군,37.110266159695826,안정,-0.16157070589754122,98.85,385.7404147690562
울산,풋고추,고온건조기 (여름),기후 민감형 고위험 관리,기후변화 고위험군,66.11303344867359,안정,0.14534085879530312,104.5,385.7404147690562
울산,풋고추,동절기 (겨울),기후 민감형 고위험 관리,기후변화 고위험군,66.11303344867359,안정,0.14534085879530312,104.5,385.74041476905626
울산,풋고추,전환기 (봄/가을),기후 민감형 고위험 관리,기후변화 고위험군,66.11303344867359,안정,0.14534085879530312,104.5,385.7404147690562
울산,피망,고온건조기 (여름),사업 운영 중심 안정 관리,시장 관망 타입 (출하 조절),97.41573033707866,안정,-0.2800974369632825,79.98,385.7404147690562
울산,피망,전환기 (봄/가을),사업 운영 중심 안정 관리,다각화 안정 추구 타입,97.41573033707866,안정,-0.2800974369632825,79.98,385.7404147690562
인천,감자,고온건조기 (여름),기후 민감형 고위험 관리,기후변화 고위험군,36.77053824362606,안정,-0.18568135384887394,49.08,365.83752637558837
인천,감자,동절기 (겨울),기후 민감형 고위험 관리,기후변화 고위험군,36.77053824362606,안정,-0.18568135384887394,49.080000000000005,365.83752637558837
인천,감자,고온다습기 (장마철),기후 민감형 고위험 관리,기후변화 고위험군,36.77053824362606,안정,-0.18568135384887394,49.08,365.83752637558837
인천,감자,전환기 (봄/가을),기후 민감형 고위험 관리,기후변화 고위험군,36.77053824362606,안정,-0.18568135384887394,49.08,365.83752637558837
인천,느타리버섯,고온건조기 (여름),기후 민감형 고위험 관리,기후변화 고위험군,45.17180616740089,안정,-0.28087970820928854,82.63,365.83752637558837
인천,느타리버섯,동절기 (겨울),기후 민감형 고위험 관리,기후변화 고위험군,45.17180616740088,안정,-0.28087970820928854,82.62999999999998,365.83752637558837
인천,느타리버섯,전환기 (봄/가을),기후 민감형 고위험 관리,기후변화 고위험군,45.171806167400895,안정,-0.28087970820928854,82.63,365.8375263755884
인천,딸기,고온건조기 (여름),사업 운영 중심 안정 관리,고효율 집중 성장 타입,93.68852459016394,안정,,77.89,365.83752637558837
인천,딸기,동절기 (겨울),사업 운영 중심 안정 관리,고효율 집중 성장 타입,93.68852459016394,안정,,77.89,365.83752637558837
인천,딸기,전환기 (봄/가을),사업 운영 중심 안정 관리,고효율 집중 성장 타입,93.68852459016394,안정,,77.89,365.83752637558837
인천,땅콩,고온건조기 (여름),특이 패턴 (전문 진단 필요),특이 패턴형 (전문 컨설팅 필요),48.20754716981133,안정,0.7304985624595649,99.9,365.83752637558837
인천,땅콩,동절기 (겨울),특이 패턴 (전문 진단 필요),특이 패턴형 (전문 컨설팅 필요),48.20754716981133,안정,0.7304985624595649,99.9,365.83752637558837
인천,땅콩,전환기 (봄/가을),특이 패턴 (전문 진단 필요),특이 패턴형 (전문 컨설팅 필요),48.20754716981133,안정,0.7304985624595649,99.9,365.83752637558837
인천,미나리,고온건조기 (여름),특이 패턴 (전문 진단 필요),특이 패턴형 (전문 컨설팅 필요),53.60000000000001,안정,0.7395790885138602,98.98,365.8375263755883
인천,미나리,전환기 (봄/가을),특이 패턴 (전문 진단 필요),특이 패턴형 (전문 컨설팅 필요),53.6,안정,0.7395790885138602,98.98,365.83752637558837
인천,상추,고온건조기 (여름),기후 민감형 고위험 관리,기후변화 고위험군,46.98275862068966,안정,0.00929755298588336,97.14,365.83752637558837
인천,상추,동절기 (겨울),기후 민감형 고위험 관리,기후변화 고위험군,46.98275862068966,안정,0.00929755298588336,97.14000000000001,365.83752637558837
인천,상추,전환기 (봄/가을),기후 민감형 고위험 관리,기후변화 고위험군,46.98275862068966,안정,0.00929755298588336,97.14,365.83752637558837
인천,새송이버섯,고온건조기 (여름),기후 민감형 고위험 관리,기후변화 고위험군,33.894139886578444,안정,-0.2072862208474147,81.78,365.83752637558837
인천,새송이버섯,동절기 (겨울),기후 민감형 고위험 관리,기후변화 고위험군,33.894139886578444,안정,-0.2072862208474147,81.78,365.8375263755883
인천,새송이버섯,고온다습기 (장마철),기후 민감형 고위험 관리,기후변화 고위험군,33.894139886578444,안정,-0.20728622084741471,81.78,365.83752637558837
인천,새송이버섯,전환기 (봄/가을),기후 민감형 고위험 관리,기후변화 고위험군,33.894139886578444,안정,-0.2072862208474147,81.78,365.83752637558837
인천,시금치,고온건조기 (여름),기후 민감형 고위험 관리,기후변화 고위험군,42.045454545454554,안정,-0.26268214874966966,100.0,365.83752637558837
인천,시금치,동절기 (겨울),기후 민감형 고위험 관리,기후변화 고위험군,42.045454545454554,안정,-0.26268214874966966,100.0,365.83752637558837
인천,시금치,전환기 (봄/가을),기후 민감형 고위험 관리,기후변화 고위험군,42.045454545454554,안정,-0.26268214874966966,100.0,365.83752637558837
인천,파프리카,고온건조기 (여름),사업 운영 중심 안정 관리,다각화 안정 추구 타입,93.33333333333331,안정,0.6390706678540802,100.37000000000002,365.83752637558837
인천,파프리카,전환기 (봄/가을),사업 운영 중심 안정 관리,다각화 안정 추구 타입,93.33333333333333,안정,0.6390706678540802,100.37,365.83752637558837
인천,팽이버섯,고온건조기 (여름),기후 민감형 고위험 관리,기후변화 고위험군,37.06093189964158,안정,-0.33859818722721746,92.3,365.83752637558837
인천,팽이버섯,동절기 (겨울),기후 민감형 고위험 관리,기후변화 고위험군,37.06093189964158,안정,-0.3385981872272175,92.3,365.8375263755883
인천,팽이버섯,전환기 (봄/가을),기후 민감형 고위험 관리,기후변화 고위험군,37.06093189964158,안정,-0.33859818722721746,92.3,365.83752637558837
인천,풋고추,고온건조기 (여름),기후 민감형 고위험 관리,기후변화 고위험군,60.41067761806981,안정,-0.16559241154469653,108.98,365.83752637558837
인천,풋고추,동절기 (겨울),기후 민감형 고위험 관리,기후변화 고위험군,60.410677618069826,안정,-0.16559241154469653,108.98,365.83752637558837
인천,풋고추,고온다습기 (장마철),기후 민감형 고위험 관리,기후변화 고위험군,60.41067761806982,안정,-0.16559241154469653,108.97999999999999,365.83752637558837
인천,풋고추,전환기 (봄/가을),기후 민감형 고위험 관리,기후변화 고위험군,60.410677618069826,안정,-0.16559241154469653,108.98,365.83752637558837
인천,피망,고온건조기 (여름),사업 운영 중심 안정 관리,시장 관망 타입 (출하 조절),94.42622950819673,안정,,98.49,365.83752637558837
인천,호박,고온건조기 (여름),사업 운영 중심 안정 관리,시장 관망 타입 (출하 조절),84.38943894389439,안정,-0.15458554844974398,95.99,365.83752637558837
인천,호박,전환기 (봄/가을),사업 운영 중심 안정 관리,다각화 안정 추구 타입,84.38943894389439,안정,-0.15458554844974398,95.99,365.83752637558837
전주,감자,고온건조기 (여름),기후 민감형 고위험 관리,기후변화 고위험군,36.80039623576028,안정,-0.4199431569478097,50.03,332.95007018572966
전주,감자,동절기 (겨울),기후 민감형 고위험 관리,기후변화 고위험군,36.80039623576028,안정,-0.41994315694780976,50.03,332.95007018572966
전주,감자,고온다습기 (장마철),기후 민감형 고위험 관리,기후변화 고위험군,36.80039623576028,안정,-0.41994315694780976,50.03,332.95007018572966
전주,감자,전환기 (봄/가을),기후 민감형 고위험 관리,기후변화 고위험군,36.80039623576028,안정,-0.41994315694780976,50.03,332.95007018572966
전주,느타리버섯,고온건조기 (여름),기후 민감형 고위험 관리,기후변화 고위험군,42.973112719751825,안정,-0.08668017927006162,91.03,332.95007018572966
전주,느타리버섯,동절기 (겨울),기후 민감형 고위험 관리,기후변화 고위험군,42.97311271975182,안정,-0.08668017927006162,91.03,332.95007018572966
전주,느타리버섯,고온다습기 (장마철),기후 민감형 고위험 관리,기후변화 고위험군,42.97311271975182,안정,-0.08668017927006162,91.03,332.95007018572966
전주,느타리버섯,전환기 (봄/가을),기후 민감형 고위험 관리,기후변화 고위험군,42.97311271975182,안정,-0.08668017927006162,91.03,332.95007018572966
전주,딸기,고온건조기 (여름),사업 운영 중심 안정 관리,다각화 안정 추구 타입,90.1829268292683,안정,0.1812673784508702,97.69,332.95007018572966
전주,딸기,동절기 (겨울),사업 운영 중심 안정 관리,다각화 안정 추구 타입,90.18292682926828,안정,0.1812673784508702,97.69,332.95007018572966
전주,딸기,전환기 (봄/가을),사업 운영 중심 안정 관리,다각화 안정 추구 타입,90.1829268292683,안정,0.1812673784508702,97.68999999999998,332.95007018572966
전주,땅콩,고온건조기 (여름),기후 민감형 고위험 관리,기후변화 고위험군,46.32462686567165,안정,0.15119532178191036,98.31,332.95007018572966
전주,땅콩,동절기 (겨울),기후 민감형 고위험 관리,기후변화 고위험군,46.32462686567165,안정,0.15119532178191036,98.31,332.95007018572966
전주,땅콩,전환기 (봄/가을),기후 민감형 고위험 관리,기후변화 고위험군,46.32462686567165,안정,0.15119532178191036,98.31,332.95007018572966
전주,미나리,고온건조기 (여름),기후 민감형 고위험 관리,기후변화 고위험군,58.98785425101214,안정,0.11520143270968965,98.98,332.95007018572966
전주,미나리,전환기 (봄/가을),기후 민감형 고위험 관리,기후변화 고위험군,58.98785425101214,안정,0.11520143270968965,98.98,332.95007018572966
전주,상추,고온건조기 (여름),기후 민감형 고위험 관리,기후변화 고위험군,41.310810810810814,안정,0.058217289950901044,102.45,332.95007018572966
전주,상추,동절기 (겨울),기후 민감형 고위험 관리,기후변화 고위험군,41.310810810810814,안정,0.05821728995090105,102.45,332.95007018572966
전주,상추,고온다습기 (장마철),기후 민감형 고위험 관리,기후변화 고위험군,41.310810810810814,안정,0.058217289950901044,102.45,332.95007018572966
전주,상추,전환기 (봄/가을),기후 민감형 고위험 관리,기후변화 고위험군,41.310810810810814,안정,0.058217289950901044,102.45,332.95007018572966
전주,새송이버섯,고온건조기 (여름),기후 민감형 고위험 관리,기후변화 고위험군,35.685510071474994,안정,-0.08077409509894533,101.07,332.95007018572966
전주,새송이버섯,동절기 (겨울),기후 민감형 고위험 관리,기후변화 고위험군,35.685510071474994,안정,-0.08077409509894533,101.07,332.95007018572966
전주,새송이버섯,고온다습기 (장마철),기후 민감형 고위험 관리,기후변화 고위험군,35.685510071474994,안정,-0.08077409509894533,101.07,332.95007018572966
전주,새송이버섯,전환기 (봄/가을),기후 민감형 고위험 관리,기후변화 고위험군,35.685510071474994,안정,-0.08077409509894533,101.07000000000001,332.95007018572966
전주,시금치,고온건조기 (여름),기후 민감형 고위험 관리,기후변화 고위험군,41.41277641277642,안정,-0.25002003802946726,100.0,332.95007018572966
전주,시금치,동절기 (겨울),기후 민감형 고위험 관리,기후변화 고위험군,41.41277641277642,안정,-0.25002003802946726,100.0,332.95007018572966
전주,시금치,전환기 (봄/가을),기후 민감형 고위험 관리,기후변화 고위험군,41.41277641277642,안정,-0.25002003802946726,100.0,332.95007018572966
전주,파프리카,고온건조기 (여름),사업 운영 중심 안정 관리,다각화 안정 추구 타입,78.8888888888889,안정,0.1908632181502473,100.37,332.95007018572966
전주,파프리카,전환기 (봄/가을),사업 운영 중심 안정 관리,다각화 안정 추구 타입,78.8888888888889,안정,0.19086321815024726,100.37,332.95007018572966
전주,팽이버섯,고온건조기 (여름),특이 패턴 (전문 진단 필요),특이 패턴형 (전문 컨설팅 필요),36.408317580340274,안정,-0.4575406231022901,97.07,332.95007018572966
전주,팽이버섯,동절기 (겨울),특이 패턴 (전문 진단 필요),특이 패턴형 (전문 컨설팅 필요),36.408317580340274,안정,-0.4575406231022901,97.07,332.95007018572966
전주,팽이버섯,전환기 (봄/가을),특이 패턴 (전문 진단 필요),특이 패턴형 (전문 컨설팅 필요),36.408317580340274,안정,-0.4575406231022901,97.07,332.95007018572966
전주,풋고추,고온건조기 (여름),기후 민감형 고위험 관리,기후변화 고위험군,62.833876221498365,안정,0.33947838999878555,97.99,332.95007018572966
전주,풋고추,전환기 (봄/가을),기후 민감형 고위험 관리,기후변화 고위험군,62.83387622149836,안정,0.33947838999878555,97.99,332.95007018572966
전주,피망,고온건조기 (여름),사업 운영 중심 안정 관리,시장 관망 타입 (출하 조절),85.44776119402985,안정,-0.17860472459599372,81.49,332.95007018572966
전주,피망,전환기 (봄/가을),사업 운영 중심 안정 관리,시장 관망 타입 (출하 조절),85.44776119402985,안정,-0.1786047245959937,81.49,332.95007018572966
전주,호박,고온건조기 (여름),사업 운영 중심 안정 관리,다각화 안정 추구 타입,78.4304932735426,안정,-0.3626049496453306,93.04,332.95007018572966
전주,호박,전환기 (봄/가을),사업 운영 중심 안정 관리,다각화 안정 추구 타입,78.4304932735426,안정,-0.3626049496453306,93.04,332.95007018572966
제주,감자,고온건조기 (여름),기후 민감형 고위험 관리,기후변화 고위험군,43.099955966534566,안정,-0.47181080580769075,45.53,166.94341618191433
제주,감자,동절기 (겨울),기후 민감형 고위험 관리,기후변화 고위험군,43.09995596653456,안정,-0.4718108058076907,45.53,166.94341618191433
제주,감자,전환기 (봄/가을),기후 민감형 고위험 관리,기후변화 고위험군,43.099955966534566,안정,-0.4718108058076907,45.53,166.94341618191433
제주,느타리버섯,고온건조기 (여름),특이 패턴 (전문 진단 필요),특이 패턴형 (전문 컨설팅 필요),47.01620591039086,안정,-0.25626549125240367,85.02,166.94341618191433
제주,느타리버섯,동절기 (겨울),특이 패턴 (전문 진단 필요),특이 패턴형 (전문 컨설팅 필요),47.01620591039085,안정,-0.25626549125240367,85.02,166.94341618191433
제주,느타리버섯,전환기 (봄/가을),특이 패턴 (전문 진단 필요),특이 패턴형 (전문 컨설팅 필요),47.01620591039085,안정,-0.25626549125240367,85.02,166.94341618191433
제주,땅콩,고온건조기 (여름),특이 패턴 (전문 진단 필요),특이 패턴형 (전문 컨설팅 필요),48.49056603773586,안정,0.6015583614668835,99.9,166.94341618191433
제주,땅콩,동절기 (겨울),특이 패턴 (전문 진단 필요),특이 패턴형 (전문 컨설팅 필요),48.49056603773586,안정,0.6015583614668835,99.9,166.94341618191433
제주,땅콩,전환기 (봄/가을),특이 패턴 (전문 진단 필요),특이 패턴형 (전문 컨설팅 필요),48.49056603773586,안정,0.6015583614668835,99.9,166.94341618191433
제주,미나리,고온건조기 (여름),특이 패턴 (전문 진단 필요),특이 패턴형 (전문 컨설팅 필요),62.87878787878789,안정,0.431173232787343,98.98,166.94341618191433
제주,미나리,동절기 (겨울),특이 패턴 (전문 진단 필요),특이 패턴형 (전문 컨설팅 필요),62.87878787878789,안정,0.431173232787343,98.98,166.94341618191433
제주,미나리,전환기 (봄/가을),특이 패턴 (전문 진단 필요),특이 패턴형 (전문 컨설팅 필요),62.87878787878789,안정,0.43117323278734304,98.98,166.94341618191433
제주,상추,고온건조기 (여름),특이 패턴 (전문 진단 필요),특이 패턴형 (전문 컨설팅 필요),53.8854296388543,안정,-0.10173319847008057,97.38,166.94341618191433
제주,상추,동절기 (겨울),특이 패턴 (전문 진단 필요),특이 패턴형 (전문 컨설팅 필요),53.8854296388543,안정,-0.10173319847008055,97.38,166.94341618191433
제주,상추,전환기 (봄/가을),특이 패턴 (전문 진단 필요),특이 패턴형 (전문 컨설팅 필요),53.8854296388543,안정,-0.10173319847008055,97.38,166.94341618191433
제주,새송이버섯,고온건조기 (여름),특이 패턴 (전문 진단 필요),특이 패턴형 (전문 컨설팅 필요),38.11131386861315,안정,-0.4808910830088987,94.24,166.94341618191433
제주,새송이버섯,동절기 (겨울),특이 패턴 (전문 진단 필요),특이 패턴형 (전문 컨설팅 필요),38.11131386861315,안정,-0.48089108300889877,94.23999999999998,166.94341618191433
제주,새송이버섯,전환기 (봄/가을),특이 패턴 (전문 진단 필요),특이 패턴형 (전문 컨설팅 필요),38.11131386861315,안정,-0.4808910830088988,94.24,166.94341618191433
제주,시금치,고온건조기 (여름),특이 패턴 (전문 진단 필요),특이 패턴형 (전문 컨설팅 필요),50.22222222222222,안정,-0.12641681507495645,100.0,166.94341618191433
제주,시금치,동절기 (겨울),특이 패턴 (전문 진단 필요),특이 패턴형 (전문 컨설팅 필요),50.22222222222222,안정,-0.12641681507495645,100.0,166.94341618191433
제주,시금치,전환기 (봄/가을),특이 패턴 (전문 진단 필요),특이 패턴형 (전문 컨설팅 필요),50.22222222222222,안정,-0.12641681507495645,100.0,166.94341618191433
제주,파프리카,고온건조기 (여름),특이 패턴 (전문 진단 필요),특이 패턴형 (전문 컨설팅 필요),86.45161290322581,안정,,105.87,166.94341618191433
제주,팽이버섯,고온건조기 (여름),특이 패턴 (전문 진단 필요),특이 패턴형 (전문 컨설팅 필요),44.49192782526116,안정,-0.526651158504577,89.52,166.94341618191433
제주,팽이버섯,동절기 (겨울),특이 패턴 (전문 진단 필요),특이 패턴형 (전문 컨설팅 필요),44.49192782526116,안정,-0.526651158504577,89.52,166.94341618191433
제주,팽이버섯,전환기 (봄/가을),특이 패턴 (전문 진단 필요),특이 패턴형 (전문 컨설팅 필요),44.49192782526116,안정,-0.526651158504577,89.52,166.94341618191433
제주,풋고추,고온건조기 (여름),특이 패턴 (전문 진단 필요),특이 패턴형 (전문 컨설팅 필요),59.483204134366936,안정,0.08568665808272732,93.0,166.94341618191433
제주,풋고추,동절기 (겨울),특이 패턴 (전문 진단 필요),특이 패턴형 (전문 컨설팅 필요),59.48320413436693,안정,0.08568665808272732,93.0,166.94341618191433
제주,풋고추,전환기 (봄/가을),특이 패턴 (전문 진단 필요),특이 패턴형 (전문 컨설팅 필요),59.48320413436692,안정,0.08568665808272732,93.0,166.94341618191433
제주,피망,고온건조기 (여름),특이 패턴 (전문 진단 필요),특이 패턴형 (전문 컨설팅 필요),80.49180327868852,안정,,98.49,166.94341618191433
창원,감자,고온건조기 (여름),기후 민감형 고위험 관리,기후변화 고위험군,40.664739884393065,안정,-0.29477926161667467,51.4,295.02778036903675
창원,감자,동절기 (겨울),기후 민감형 고위험 관리,기후변화 고위험군,40.664739884393065,안정,-0.29477926161667467,51.4,295.02778036903675
창원,감자,고온다습기 (장마철),기후 민감형 고위험 관리,기후변화 고위험군,40.664739884393065,안정,-0.29477926161667467,51.4,295.02778036903675
창원,감자,전환기 (봄/가을),기후 민감형 고위험 관리,기후변화 고위험군,40.664739884393065,안정,-0.29477926161667467,51.4,295.02778036903675
창원,느타리버섯,고온건조기 (여름),특이 패턴 (전문 진단 필요),특이 패턴형 (전문 컨설팅 필요),46.41935483870967,안정,-0.5544842813344154,87.1,295.02778036903675
창원,느타리버섯,동절기 (겨울),특이 패턴 (전문 진단 필요),특이 패턴형 (전문 컨설팅 필요),46.41935483870967,안정,-0.5544842813344154,87.1,295.02778036903675
창원,느타리버섯,전환기 (봄/가을),특이 패턴 (전문 진단 필요),특이 패턴형 (전문 컨설팅 필요),46.41935483870967,안정,-0.5544842813344154,87.1,295.02778036903675
창원,딸기,고온건조기 (여름),사업 운영 중심 안정 관리,다각화 안정 추구 타입,96.76923076923077,안정,-0.44731960292300604,77.89,295.02778036903675
창원,딸기,전환기 (봄/가을),사업 운영 중심 안정 관리,다각화 안정 추구 타입,96.76923076923076,안정,-0.44731960292300604,77.89,295.02778036903675
창원,땅콩,고온건조기 (여름),기후 민감형 고위험 관리,기후변화 고위험군,41.722595078299776,안정,-0.2203019705342991,99.9,295.02778036903675
창원,땅콩,동절기 (겨울),기후 민감형 고위험 관리,기후변화 고위험군,41.722595078299776,안정,-0.22030197053429912,99.9,295.02778036903675
창원,땅콩,전환기 (봄/가을),기후 민감형 고위험 관리,기후변화 고위험군,41.722595078299776,안정,-0.2203019705342991,99.90000000000002,295.02778036903675
창원,미나리,고온건조기 (여름),특이 패턴 (전문 진단 필요),특이 패턴형 (전문 컨설팅 필요),59.070796460176986,안정,0.2367137724261443,98.98,295.02778036903675
창원,미나리,전환기 (봄/가을),특이 패턴 (전문 진단 필요),특이 패턴형 (전문 컨설팅 필요),59.070796460176986,안정,0.2367137724261443,98.98,295.02778036903675
창원,상추,고온건조기 (여름),기후 민감형 고위험 관리,기후변화 고위험군,47.95847750865053,안정,-0.08939231069791707,99.38,295.02778036903675
창원,상추,동절기 (겨울),기후 민감형 고위험 관리,기후변화 고위험군,47.95847750865053,안정,-0.08939231069791707,99.38,295.02778036903675
창원,상추,전환기 (봄/가을),기후 민감형 고위험 관리,기후변화 고위험군,47.95847750865053,안정,-0.08939231069791707,99.38,295.02778036903675
창원,새송이버섯,고온건조기 (여름),기후 민감형 고위험 관리,기후변화 고위험군,39.003115264797515,안정,-0.44550662208789843,74.79,295.02778036903675
창원,새송이버섯,동절기 (겨울),기후 민감형 고위험 관리,기후변화 고위험군,39.003115264797515,안정,-0.44550662208789843,74.79,295.02778036903675
창원,새송이버섯,고온다습기 (장마철),기후 민감형 고위험 관리,기후변화 고위험군,39.003115264797515,안정,-0.44550662208789843,74.79,295.02778036903675
창원,새송이버섯,전환기 (봄/가을),기후 민감형 고위험 관리,기후변화 고위험군,39.003115264797515,안정,-0.44550662208789843,74.79,295.02778036903675
창원,시금치,고온건조기 (여름),특이 패턴 (전문 진단 필요),특이 패턴형 (전문 컨설팅 필요),49.926380368098165,안정,-0.3545875814306585,100.0,295.02778036903675
창원,시금치,동절기 (겨울),특이 패턴 (전문 진단 필요),특이 패턴형 (전문 컨설팅 필요),49.926380368098165,안정,-0.3545875814306585,100.0,295.02778036903675
창원,시금치,전환기 (봄/가을),특이 패턴 (전문 진단 필요),특이 패턴형 (전문 컨설팅 필요),49.926380368098165,안정,-0.35458758143065844,100.0,295.02778036903675
창원,파프리카,고온건조기 (여름),사업 운영 중심 안정 관리,다각화 안정 추구 타입,98.70967741935483,안정,0.598270200263416,100.37,295.02778036903675
창원,팽이버섯,고온건조기 (여름),특이 패턴 (전문 진단 필요),특이 패턴형 (전문 컨설팅 필요),38.415199258572756,안정,-0.6863948212652237,93.95,295.02778036903675
창원,팽이버섯,동절기 (겨울),특이 패턴 (전문 진단 필요),특이 패턴형 (전문 컨설팅 필요),38.415199258572756,안정,-0.6863948212652237,93.95000000000002,295.02778036903675
창원,팽이버섯,전환기 (봄/가을),특이 패턴 (전문 진단 필요),특이 패턴형 (전문 컨설팅 필요),38.415199258572756,안정,-0.6863948212652237,93.95,295.02778036903675
창원,풋고추,고온건조기 (여름),특이 패턴 (전문 진단 필요),특이 패턴형 (전문 컨설팅 필요),61.57342657342657,안정,-0.23503115410859723,90.69,295.02778036903675
창원,풋고추,동절기 (겨울),특이 패턴 (전문 진단 필요),특이 패턴형 (전문 컨설팅 필요),61.573426573426566,안정,-0.23503115410859726,90.69,295.02778036903675
창원,풋고추,고온다습기 (장마철),특이 패턴 (전문 진단 필요),특이 패턴형 (전문 컨설팅 필요),61.57342657342657,안정,-0.23503115410859723,90.69,295.02778036903675
창원,풋고추,전환기 (봄/가을),특이 패턴 (전문 진단 필요),특이 패턴형 (전문 컨설팅 필요),61.57342657342657,안정,-0.23503115410859723,90.69,295.02778036903675
창원,피망,고온건조기 (여름),사업 운영 중심 안정 관리,다각화 안정 추구 타입,99.54887218045113,안정,-0.1383984938504489,85.51000000000002,295.02778036903675
창원,피망,전환기 (봄/가을),사업 운영 중심 안정 관리,다각화 안정 추구 타입,99.54887218045113,안정,-0.1383984938504489,85.51,295.02778036903675
천안,감자,고온건조기 (여름),기후 민감형 고위험 관리,기후변화 고위험군,36.83896620278331,안정,-0.6782251740156989,54.14000000000001,343.32354277555277
천안,감자,동절기 (겨울),기후 민감형 고위험 관리,기후변화 고위험군,36.83896620278331,안정,-0.6782251740156989,54.14,343.32354277555277
천안,감자,전환기 (봄/가을),기후 민감형 고위험 관리,기후변화 고위험군,36.83896620278331,안정,-0.6782251740156989,54.13999999999999,343.32354277555277
천안,느타리버섯,고온건조기 (여름),기후 민감형 고위험 관리,기후변화 고위험군,42.487992315081655,안정,-0.3328150170654538,92.76,343.32354277555277
천안,느타리버섯,동절기 (겨울),기후 민감형 고위험 관리,기후변화 고위험군,42.487992315081655,안정,-0.3328150170654538,92.76,343.32354277555277
천안,느타리버섯,전환기 (봄/가을),기후 민감형 고위험 관리,기후변화 고위험군,42.487992315081655,안정,-0.3328150170654538,92.76,343.32354277555277
천안,땅콩,고온건조기 (여름),특이 패턴 (전문 진단 필요),특이 패턴형 (전문 컨설팅 필요),47.37024221453287,안정,0.5841572199101226,99.9,343.32354277555277
천안,땅콩,동절기 (겨울),특이 패턴 (전문 진단 필요),특이 패턴형 (전문 컨설팅 필요),47.370242214532865,안정,0.5841572199101226,99.9,343.32354277555277
천안,땅콩,전환기 (봄/가을),특이 패턴 (전문 진단 필요),특이 패턴형 (전문 컨설팅 필요),47.370242214532865,안정,0.5841572199101226,99.9,343.32354277555277
천안,미나리,고온건조기 (여름),특이 패턴 (전문 진단 필요),특이 패턴형 (전문 컨설팅 필요),53.4710743801653,안정,0.6705050123688562,98.98,343.32354277555277
천안,미나리,전환기 (봄/가을),특이 패턴 (전문 진단 필요),특이 패턴형 (전문 컨설팅 필요),53.4710743801653,안정,0.6705050123688562,98.98,343.32354277555277
천안,상추,고온건조기 (여름),기후 민감형 고위험 관리,기후변화 고위험군,42.174629324546956,안정,-0.15192888969561955,100.0,343.3235427755528
천안,상추,동절기 (겨울),기후 민감형 고위험 관리,기후변화 고위험군,42.174629324546956,안정,-0.15192888969561955,100.0,343.3235427755528
천안,상추,전환기 (봄/가을),기후 민감형 고위험 관리,기후변화 고위험군,42.174629324546956,안정,-0.15192888969561955,100.0,343.32354277555277
천안,새송이버섯,고온건조기 (여름),기후 민감형 고위험 관리,기후변화 고위험군,35.541082164328664,안정,-0.34664450821862414,94.28,343.32354277555277
천안,새송이버섯,동절기 (겨울),기후 민감형 고위험 관리,기후변화 고위험군,35.541082164328664,안정,-0.34664450821862414,94.28,343.32354277555277
천안,새송이버섯,전환기 (봄/가을),기후 민감형 고위험 관리,기후변화 고위험군,35.541082164328664,안정,-0.34664450821862414,94.28,343.32354277555277
천안,시금치,고온건조기 (여름),기후 민감형 고위험 관리,기후변화 고위험군,42.60196905766526,안정,-0.2770952441514098,100.0,343.3235427755528
천안,시금치,동절기 (겨울),기후 민감형 고위험 관리,기후변화 고위험군,42.60196905766526,안정,-0.2770952441514098,100.0,343.32354277555277
천안,시금치,전환기 (봄/가을),기후 민감형 고위험 관리,기후변화 고위험군,42.60196905766526,안정,-0.2770952441514098,100.0,343.32354277555277
천안,파프리카,고온건조기 (여름),사업 운영 중심 안정 관리,다각화 안정 추구 타입,75.76576576576576,안정,,100.0,343.32354277555277
천안,파프리카,전환기 (봄/가을),사업 운영 중심 안정 관리,다각화 안정 추구 타입,75.76576576576576,안정,,100.0,343.32354277555277
천안,팽이버섯,고온건조기 (여름),특이 패턴 (전문 진단 필요),특이 패턴형 (전문 컨설팅 필요),36.727272727272734,안정,-0.4786102242640788,96.8,343.32354277555277
천안,팽이버섯,동절기 (겨울),특이 패턴 (전문 진단 필요),특이 패턴형 (전문 컨설팅 필요),36.727272727272734,안정,-0.47861022426407884,96.8,343.32354277555277
천안,팽이버섯,전환기 (봄/가을),특이 패턴 (전문 진단 필요),특이 패턴형 (전문 컨설팅 필요),36.727272727272734,안정,-0.4786102242640788,96.8,343.32354277555277
천안,풋고추,고온건조기 (여름),기후 민감형 고위험 관리,기후변화 고위험군,56.80851063829788,안정,0.15044441418416624,102.2,343.32354277555277
천안,풋고추,전환기 (봄/가을),기후 민감형 고위험 관리,기후변화 고위험군,56.808510638297875,안정,0.15044441418416624,102.2,343.32354277555277
천안,피망,고온건조기 (여름),사업 운영 중심 안정 관리,시장 관망 타입 (출하 조절),99.1588785046729,안정,0.4243275130665548,99.6,343.32354277555277
천안,피망,전환기 (봄/가을),사업 운영 중심 안정 관리,시장 관망 타입 (출하 조절),99.1588785046729,안정,0.4243275130665548,99.6,343.32354277555277
천안,호박,고온건조기 (여름),사업 운영 중심 안정 관리,다각화 안정 추구 타입,76.93548387096774,안정,-0.14215232020094137,100.0,343.32354277555277
천안,호박,전환기 (봄/가을),사업 운영 중심 안정 관리,다각화 안정 추구 타입,76.93548387096774,안정,-0.14215232020094137,100.0,343.32354277555277
청주,감자,고온건조기 (여름),기후 민감형 고위험 관리,기후변화 고위험군,35.35588086824837,안정,-0.15200925465323908,47.51,262.3204451993563
청주,감자,동절기 (겨울),기후 민감형 고위험 관리,기후변화 고위험군,35.35588086824837,안정,-0.15200925465323908,47.510000000000005,262.3204451993563
청주,감자,전환기 (봄/가을),기후 민감형 고위험 관리,기후변화 고위험군,35.35588086824837,안정,-0.15200925465323908,47.51,262.3204451993563
청주,느타리버섯,고온건조기 (여름),특이 패턴 (전문 진단 필요),특이 패턴형 (전문 컨설팅 필요),42.16824644549764,안정,-0.05797900210543101,110.54999999999998,262.3204451993563
청주,느타리버섯,동절기 (겨울),특이 패턴 (전문 진단 필요),특이 패턴형 (전문 컨설팅 필요),42.16824644549764,안정,-0.057979002105431006,110.55,262.3204451993563
청주,느타리버섯,전환기 (봄/가을),특이 패턴 (전문 진단 필요),특이 패턴형 (전문 컨설팅 필요),42.16824644549764,안정,-0.057979002105431006,110.55,262.3204451993563
청주,딸기,고온건조기 (여름),사업 운영 중심 안정 관리,다각화 안정 추구 타입,90.25,안정,-0.01375444721464661,78.64,262.3204451993563
청주,딸기,동절기 (겨울),사업 운영 중심 안정 관리,다각화 안정 추구 타입,90.25,안정,-0.01375444721464661,78.64,262.3204451993563
청주,딸기,전환기 (봄/가을),사업 운영 중심 안정 관리,다각화 안정 추구 타입,90.25,안정,-0.01375444721464661,78.64,262.3204451993563
청주,땅콩,고온건조기 (여름),특이 패턴 (전문 진단 필요),특이 패턴형 (전문 컨설팅 필요),47.66949152542374,안정,0.2397667284021268,106.26999999999998,262.3204451993563
청주,땅콩,동절기 (겨울),특이 패턴 (전문 진단 필요),특이 패턴형 (전문 컨설팅 필요),47.66949152542373,안정,0.23976672840212676,106.27,262.3204451993563
청주,땅콩,전환기 (봄/가을),특이 패턴 (전문 진단 필요),특이 패턴형 (전문 컨설팅 필요),47.66949152542374,안정,0.2397667284021268,106.27,262.3204451993563
청주,미나리,고온건조기 (여름),특이 패턴 (전문 진단 필요),특이 패턴형 (전문 컨설팅 필요),56.85714285714285,안정,0.17417044248345542,98.98,262.3204451993563
청주,미나리,동절기 (겨울),특이 패턴 (전문 진단 필요),특이 패턴형 (전문 컨설팅 필요),56.85714285714285,안정,0.17417044248345542,98.98,262.3204451993563
청주,미나리,전환기 (봄/가을),특이 패턴 (전문 진단 필요),특이 패턴형 (전문 컨설팅 필요),56.857142857142854,안정,0.17417044248345545,98.98,262.3204451993563
청주,상추,고온건조기 (여름),특이 패턴 (전문 진단 필요),특이 패턴형 (전문 컨설팅 필요),44.401496259351624,안정,0.023324412260421475,97.26,262.3204451993563
청주,상추,동절기 (겨울),특이 패턴 (전문 진단 필요),특이 패턴형 (전문 컨설팅 필요),44.401496259351624,안정,0.023324412260421475,97.26,262.3204451993563
청주,상추,전환기 (봄/가을),특이 패턴 (전문 진단 필요),특이 패턴형 (전문 컨설팅 필요),44.40149625935162,안정,0.023324412260421475,97.26,262.3204451993563
청주,새송이버섯,고온건조기 (여름),특이 패턴 (전문 진단 필요),특이 패턴형 (전문 컨설팅 필요),37.60370697263902,안정,-0.37210792823552424,79.77,262.3204451993563
청주,새송이버섯,동절기 (겨울),특이 패턴 (전문 진단 필요),특이 패턴형 (전문 컨설팅 필요),37.60370697263902,안정,-0.3721079282355243,79.77,262.3204451993563
청주,새송이버섯,전환기 (봄/가을),특이 패턴 (전문 진단 필요),특이 패턴형 (전문 컨설팅 필요),37.60370697263902,안정,-0.3721079282355243,79.77,262.3204451993563
청주,시금치,고온건조기 (여름),특이 패턴 (전문 진단 필요),특이 패턴형 (전문 컨설팅 필요),40.79310344827586,안정,-0.32212564508599095,100.0,262.3204451993563
청주,시금치,동절기 (겨울),특이 패턴 (전문 진단 필요),특이 패턴형 (전문 컨설팅 필요),40.79310344827586,안정,-0.32212564508599095,100.0,262.3204451993563
청주,시금치,전환기 (봄/가을),특이 패턴 (전문 진단 필요),특이 패턴형 (전문 컨설팅 필요),40.79310344827586,안정,-0.32212564508599095,100.0,262.3204451993563
청주,팽이버섯,고온건조기 (여름),특이 패턴 (전문 진단 필요),특이 패턴형 (전문 컨설팅 필요),35.775492716366756,안정,-0.4021133559087833,86.68,262.3204451993563
청주,팽이버섯,동절기 (겨울),특이 패턴 (전문 진단 필요),특이 패턴형 (전문 컨설팅 필요),35.775492716366756,안정,-0.4021133559087833,86.68,262.3204451993563
청주,팽이버섯,전환기 (봄/가을),특이 패턴 (전문 진단 필요),특이 패턴형 (전문 컨설팅 필요),35.775492716366756,안정,-0.4021133559087833,86.68,262.3204451993563
청주,풋고추,고온건조기 (여름),특이 패턴 (전문 진단 필요),특이 패턴형 (전문 컨설팅 필요),61.996336996337,안정,-0.15047727337405348,110.73,262.3204451993563
청주,풋고추,동절기 (겨울),특이 패턴 (전문 진단 필요),특이 패턴형 (전문 컨설팅 필요),61.996336996337,안정,-0.15047727337405348,110.73,262.3204451993563
청주,풋고추,고온다습기 (장마철),특이 패턴 (전문 진단 필요),특이 패턴형 (전문 컨설팅 필요),61.996336996337,안정,-0.15047727337405348,110.73,262.3204451993563
청주,풋고추,전환기 (봄/가을),특이 패턴 (전문 진단 필요),특이 패턴형 (전문 컨설팅 필요),61.996336996337,안정,-0.15047727337405348,110.73,262.3204451993563
청주,피망,고온건조기 (여름),사업 운영 중심 안정 관리,시장 관망 타입 (출하 조절),87.58865248226952,안정,-0.19919904559726515,83.26,262.3204451993563
청주,피망,전환기 (봄/가을),사업 운영 중심 안정 관리,시장 관망 타입 (출하 조절),87.58865248226951,안정,-0.19919904559726515,83.26,262.3204451993563
청주,호박,고온건조기 (여름),사업 운영 중심 안정 관리,시장 관망 타입 (출하 조절),84.48179271708683,안정,-0.029673773016121594,95.91,262.3204451993563
청주,호박,전환기 (봄/가을),사업 운영 중심 안정 관리,고효율 집중 성장 타입,84.48179271708683,안정,-0.029673773016121594,95.91000000000001,262.3204451993563
춘천,감자,고온건조기 (여름),기후 민감형 고위험 관리,기후변화 고위험군,36.823045267489704,안정,0.20468560199265012,67.94,281.63088276942045
춘천,감자,동절기 (겨울),기후 민감형 고위험 관리,기후변화 고위험군,36.823045267489704,안정,0.20468560199265015,67.94,281.63088276942045
춘천,감자,고온다습기 (장마철),기후 민감형 고위험 관리,기후변화 고위험군,36.823045267489704,안정,0.20468560199265015,67.94,281.63088276942045
춘천,감자,전환기 (봄/가을),기후 민감형 고위험 관리,기후변화 고위험군,36.823045267489704,안정,0.20468560199265015,67.94,281.63088276942045
춘천,느타리버섯,고온건조기 (여름),기후 민감형 고위험 관리,기후변화 고위험군,45.65217391304347,안정,-0.38085117478993463,76.92,281.63088276942045
춘천,느타리버섯,동절기 (겨울),기후 민감형 고위험 관리,기후변화 고위험군,45.65217391304347,안정,-0.38085117478993463,76.92,281.63088276942045
춘천,느타리버섯,고온다습기 (장마철),기후 민감형 고위험 관리,기후변화 고위험군,45.65217391304347,안정,-0.38085117478993463,76.92,281.63088276942045
춘천,느타리버섯,전환기 (봄/가을),기후 민감형 고위험 관리,기후변화 고위험군,45.65217391304347,안정,-0.3808511747899346,76.92,281.63088276942045
춘천,딸기,고온건조기 (여름),사업 운영 중심 안정 관리,고효율 집중 성장 타입,93.1372549019608,안정,,77.89,281.63088276942045
춘천,딸기,전환기 (봄/가을),사업 운영 중심 안정 관리,고효율 집중 성장 타입,93.13725490196079,안정,,77.89,281.63088276942045
춘천,땅콩,고온건조기 (여름),특이 패턴 (전문 진단 필요),특이 패턴형 (전문 컨설팅 필요),47.978260869565226,안정,0.14822943809326797,105.73,281.63088276942045
춘천,땅콩,동절기 (겨울),특이 패턴 (전문 진단 필요),특이 패턴형 (전문 컨설팅 필요),47.978260869565226,안정,0.14822943809326797,105.73,281.63088276942045
춘천,땅콩,전환기 (봄/가을),특이 패턴 (전문 진단 필요),특이 패턴형 (전문 컨설팅 필요),47.978260869565226,안정,0.14822943809326797,105.73,281.63088276942045
춘천,미나리,고온건조기 (여름),특이 패턴 (전문 진단 필요),특이 패턴형 (전문 컨설팅 필요),47.867924528301884,안정,-0.4137713819185317,85.61,281.63088276942045
춘천,미나리,동절기 (겨울),특이 패턴 (전문 진단 필요),특이 패턴형 (전문 컨설팅 필요),47.867924528301884,안정,-0.4137713819185317,85.61,281.63088276942045
춘천,미나리,고온다습기 (장마철),특이 패턴 (전문 진단 필요),특이 패턴형 (전문 컨설팅 필요),47.867924528301884,안정,-0.4137713819185317,85.61,281.63088276942045
춘천,미나리,전환기 (봄/가을),특이 패턴 (전문 진단 필요),특이 패턴형 (전문 컨설팅 필요),47.867924528301884,안정,-0.4137713819185317,85.61,281.63088276942045
춘천,상추,고온건조기 (여름),특이 패턴 (전문 진단 필요),특이 패턴형 (전문 컨설팅 필요),44.34599156118144,안정,-0.3503239538988202,100.0,281.63088276942045
춘천,상추,동절기 (겨울),특이 패턴 (전문 진단 필요),특이 패턴형 (전문 컨설팅 필요),44.34599156118144,안정,-0.3503239538988202,100.0,281.63088276942045
춘천,상추,전환기 (봄/가을),특이 패턴 (전문 진단 필요),특이 패턴형 (전문 컨설팅 필요),44.34599156118144,안정,-0.3503239538988202,100.0,281.63088276942045
춘천,새송이버섯,고온건조기 (여름),특이 패턴 (전문 진단 필요),특이 패턴형 (전문 컨설팅 필요),36.7483506126296,안정,-0.5186511143615657,84.93,281.63088276942045
춘천,새송이버섯,동절기 (겨울),특이 패턴 (전문 진단 필요),특이 패턴형 (전문 컨설팅 필요),36.7483506126296,안정,-0.5186511143615657,84.93,281.63088276942045
춘천,새송이버섯,고온다습기 (장마철),특이 패턴 (전문 진단 필요),특이 패턴형 (전문 컨설팅 필요),36.7483506126296,안정,-0.5186511143615657,84.93,281.63088276942045
춘천,새송이버섯,전환기 (봄/가을),특이 패턴 (전문 진단 필요),특이 패턴형 (전문 컨설팅 필요),36.7483506126296,안정,-0.5186511143615657,84.93,281.63088276942045
춘천,시금치,고온건조기 (여름),특이 패턴 (전문 진단 필요),특이 패턴형 (전문 컨설팅 필요),41.58878504672897,안정,-0.4620254610395852,99.03,281.63088276942045
춘천,시금치,동절기 (겨울),특이 패턴 (전문 진단 필요),특이 패턴형 (전문 컨설팅 필요),41.58878504672897,안정,-0.4620254610395852,99.03,281.63088276942045
춘천,시금치,전환기 (봄/가을),특이 패턴 (전문 진단 필요),특이 패턴형 (전문 컨설팅 필요),41.58878504672897,안정,-0.46202546103958525,99.03,281.63088276942045
춘천,팽이버섯,고온건조기 (여름),특이 패턴 (전문 진단 필요),특이 패턴형 (전문 컨설팅 필요),34.53410182516811,안정,-0.4846404258852718,91.96,281.63088276942045
춘천,팽이버섯,동절기 (겨울),특이 패턴 (전문 진단 필요),특이 패턴형 (전문 컨설팅 필요),34.53410182516811,안정,-0.48464042588527184,91.96,281.63088276942045
춘천,팽이버섯,고온다습기 (장마철),특이 패턴 (전문 진단 필요),특이 패턴형 (전문 컨설팅 필요),34.53410182516811,안정,-0.4846404258852718,91.96,281.63088276942045
춘천,팽이버섯,전환기 (봄/가을),특이 패턴 (전문 진단 필요),특이 패턴형 (전문 컨설팅 필요),34.53410182516811,안정,-0.4846404258852718,91.95999999999998,281.63088276942045
춘천,풋고추,고온건조기 (여름),기후 민감형 고위험 관리,기후변화 고위험군,71.34371957156768,안정,-0.275671390485931,65.96,281.63088276942045
춘천,풋고추,동절기 (겨울),기후 민감형 고위험 관리,기후변화 고위험군,71.34371957156768,안정,-0.275671390485931,65.96,281.63088276942045
춘천,풋고추,고온다습기 (장마철),기후 민감형 고위험 관리,기후변화 고위험군,71.34371957156768,안정,-0.275671390485931,65.96,281.63088276942045
춘천,풋고추,전환기 (봄/가을),기후 민감형 고위험 관리,기후변화 고위험군,71.34371957156768,안정,-0.275671390485931,65.96,281.63088276942045
춘천,피망,고온건조기 (여름),기후 민감형 고위험 관리,기후변화 고위험군,67.84277879341865,안정,-0.6350530671746336,65.79,281.63088276942045
춘천,피망,동절기 (겨울),기후 민감형 고위험 관리,기후변화 고위험군,67.84277879341865,안정,-0.6350530671746335,65.79,281.63088276942045
춘천,피망,전환기 (봄/가을),기후 민감형 고위험 관리,기후변화 고위험군,67.84277879341865,안정,-0.6350530671746335,65.79,281.63088276942045
춘천,호박,고온건조기 (여름),사업 운영 중심 안정 관리,시장 관망 타입 (출하 조절),89.76635514018692,안정,-0.027186777856817706,94.84,281.63088276942045
춘천,호박,전환기 (봄/가을),사업 운영 중심 안정 관리,다각화 안정 추구 타입,89.76635514018692,안정,-0.02718677785681771,94.84,281.63088276942045
포항,감자,고온건조기 (여름),기후 민감형 고위험 관리,기후변화 고위험군,38.88130968622101,안정,-0.40977315244007606,44.93,186.89999999999998
포항,감자,동절기 (겨울),기후 민감형 고위험 관리,기후변화 고위험군,38.88130968622101,안정,-0.40977315244007606,44.93,186.89999999999998
포항,감자,고온다습기 (장마철),기후 민감형 고위험 관리,기후변화 고위험군,38.88130968622101,안정,-0.40977315244007606,44.93,186.89999999999998
포항,감자,전환기 (봄/가을),기후 민감형 고위험 관리,기후변화 고위험군,38.88130968622101,안정,-0.40977315244007606,44.93,186.89999999999998
포항,느타리버섯,고온건조기 (여름),특이 패턴 (전문 진단 필요),특이 패턴형 (전문 컨설팅 필요),45.1534733441034,안정,-0.08652134963612307,81.76,186.89999999999998
포항,느타리버섯,동절기 (겨울),특이 패턴 (전문 진단 필요),특이 패턴형 (전문 컨설팅 필요),45.1534733441034,안정,-0.08652134963612307,81.76000000000002,186.89999999999998
포항,느타리버섯,고온다습기 (장마철),특이 패턴 (전문 진단 필요),특이 패턴형 (전문 컨설팅 필요),45.1534733441034,안정,-0.08652134963612307,81.76,186.89999999999998
포항,느타리버섯,전환기 (봄/가을),특이 패턴 (전문 진단 필요),특이 패턴형 (전문 컨설팅 필요),45.15347334410341,안정,-0.08652134963612307,81.76,186.89999999999995
포항,딸기,고온건조기 (여름),사업 운영 중심 안정 관리,고효율 집중 성장 타입,94.39999999999999,안정,,77.89,186.89999999999998
포항,딸기,동절기 (겨울),사업 운영 중심 안정 관리,고효율 집중 성장 타입,94.39999999999999,안정,,77.89,186.89999999999998
포항,딸기,전환기 (봄/가을),사업 운영 중심 안정 관리,고효율 집중 성장 타입,94.39999999999999,안정,,77.89,186.89999999999998
포항,땅콩,고온건조기 (여름),특이 패턴 (전문 진단 필요),특이 패턴형 (전문 컨설팅 필요),47.56756756756757,안정,0.5018198302835384,99.90000000000002,186.89999999999998
포항,땅콩,동절기 (겨울),특이 패턴 (전문 진단 필요),특이 패턴형 (전문 컨설팅 필요),47.56756756756758,안정,0.5018198302835384,99.9,186.89999999999998
포항,땅콩,전환기 (봄/가을),특이 패턴 (전문 진단 필요),특이 패턴형 (전문 컨설팅 필요),47.56756756756757,안정,0.5018198302835384,99.9,186.89999999999998
포항,미나리,고온건조기 (여름),특이 패턴 (전문 진단 필요),특이 패턴형 (전문 컨설팅 필요),53.1404958677686,안정,0.6046526156893678,98.98,186.89999999999998
포항,미나리,동절기 (겨울),특이 패턴 (전문 진단 필요),특이 패턴형 (전문 컨설팅 필요),53.1404958677686,안정,0.6046526156893678,98.98,186.89999999999998
포항,미나리,전환기 (봄/가을),특이 패턴 (전문 진단 필요),특이 패턴형 (전문 컨설팅 필요),53.1404958677686,안정,0.6046526156893678,98.98,186.89999999999998
포항,상추,고온건조기 (여름),특이 패턴 (전문 진단 필요),특이 패턴형 (전문 컨설팅 필요),43.5502471169687,안정,0.002854218278677786,100.0,186.89999999999998
포항,상추,동절기 (겨울),특이 패턴 (전문 진단 필요),특이 패턴형 (전문 컨설팅 필요),43.5502471169687,안정,0.002854218278677786,100.0,186.89999999999998
포항,상추,전환기 (봄/가을),특이 패턴 (전문 진단 필요),특이 패턴형 (전문 컨설팅 필요),43.5502471169687,안정,0.002854218278677786,100.0,186.89999999999998
포항,새송이버섯,고온건조기 (여름),특이 패턴 (전문 진단 필요),특이 패턴형 (전문 컨설팅 필요),37.46453089244851,안정,-0.26177241760583353,83.42,186.89999999999998
포항,새송이버섯,동절기 (겨울),특이 패턴 (전문 진단 필요),특이 패턴형 (전문 컨설팅 필요),37.46453089244851,안정,-0.26177241760583353,83.42,186.89999999999998
포항,새송이버섯,고온다습기 (장마철),특이 패턴 (전문 진단 필요),특이 패턴형 (전문 컨설팅 필요),37.46453089244851,안정,-0.26177241760583353,83.42,186.89999999999998
포항,새송이버섯,전환기 (봄/가을),특이 패턴 (전문 진단 필요),특이 패턴형 (전문 컨설팅 필요),37.46453089244851,안정,-0.26177241760583353,83.42,186.89999999999998
포항,시금치,고온건조기 (여름),특이 패턴 (전문 진단 필요),특이 패턴형 (전문 컨설팅 필요),44.38735177865614,안정,-0.2427100968704059,100.0,186.89999999999998
포항,시금치,동절기 (겨울),특이 패턴 (전문 진단 필요),특이 패턴형 (전문 컨설팅 필요),44.38735177865613,안정,-0.2427100968704059,100.0,186.89999999999998
포항,시금치,전환기 (봄/가을),특이 패턴 (전문 진단 필요),특이 패턴형 (전문 컨설팅 필요),44.38735177865614,안정,-0.2427100968704059,100.0,186.89999999999998
포항,파프리카,고온건조기 (여름),사업 운영 중심 안정 관리,다각화 안정 추구 타입,92.5,데이터 부족,,105.46,186.89999999999998
포항,팽이버섯,고온건조기 (여름),특이 패턴 (전문 진단 필요),특이 패턴형 (전문 컨설팅 필요),37.71084337349397,안정,-0.28784775127505263,99.04999999999998,186.89999999999998
포항,팽이버섯,동절기 (겨울),특이 패턴 (전문 진단 필요),특이 패턴형 (전문 컨설팅 필요),37.71084337349397,안정,-0.28784775127505263,99.05,186.89999999999998
포항,팽이버섯,전환기 (봄/가을),특이 패턴 (전문 진단 필요),특이 패턴형 (전문 컨설팅 필요),37.71084337349397,안정,-0.28784775127505263,99.05,186.89999999999998
포항,풋고추,고온건조기 (여름),특이 패턴 (전문 진단 필요),특이 패턴형 (전문 컨설팅 필요),57.15846994535519,안정,-0.19950303136334516,83.35,186.89999999999998
포항,풋고추,동절기 (겨울),특이 패턴 (전문 진단 필요),특이 패턴형 (전문 컨설팅 필요),57.158469945355186,안정,-0.1995030313633451,83.35,186.89999999999998
포항,풋고추,전환기 (봄/가을),특이 패턴 (전문 진단 필요),특이 패턴형 (전문 컨설팅 필요),57.15846994535519,안정,-0.19950303136334513,83.35,186.89999999999998
포항,피망,고온건조기 (여름),특이 패턴 (전문 진단 필요),특이 패턴형 (전문 컨설팅 필요),51.8957345971564,안정,0.30534359799243027,100.59,186.89999999999998
포항,피망,동절기 (겨울),특이 패턴 (전문 진단 필요),특이 패턴형 (전문 컨설팅 필요),51.8957345971564,안정,0.30534359799243027,100.59,186.89999999999998
포항,피망,전환기 (봄/가을),특이 패턴 (전문 진단 필요),특이 패턴형 (전문 컨설팅 필요),51.8957345971564,안정,0.30534359799243027,100.59,186.89999999999998
